hit_type,company_name,country,zip_code,city,federal_state,website,booth,profile_url,email,phone,category,profile_title,profile_meta_description,profile_headings,website_home_url,website_home_title,website_home_meta_description,website_home_headings,website_about_url,website_about_title,website_about_meta_description,website_about_headings,score,priority_band,subcategory,matched_keywords,negative_keywords,country_priority_bucket,country_priority_boost,outreach_angle,website_fetch_error
Exhibitor,XONOX Technology GmbH,Germany,35625,Hüttenberg,,https://www.xonox-tec.com,Hall 3.0 - Stand 328,https://www.optatec-messe.de/en/Exhibitor-Index/80842-xonox-technology-gmbh,info@xonox-tec.com,+49 6441 96364 -0,manufacturer_target,Exhibitor details of:  XONOX Technology GmbH,"Optatec Internationale Fachmesse für optische Technologien, Komponenten und Systeme","Optical measuring and test technology | Dimensional measuring technology | Interferometric measuring technology | Laser measuring systems | Surface measuring technology | Fields of application for optical technologies | Production technology | Interferometry | Lenses | Optomechanical components and assemblies | Rail and bench systems | Optical tables | Machining | Centring/rounding | Polishing | Lubricating coolants for glass processing | You are currently viewing a placeholder content from | YouTube | . To access the actual content, click the button below. Please note that doing so will share data with third-party providers. | More Information | Unblock content | Accept required service and unblock content | Additional information | Catalogue",https://www.xonox-tec.com/,"Home XONOX GmbH Interferometers, Transmission Spheres, Metrology","XONOX Technology Fizeau Interferometer, Fizeau Transmission Sphere, Fringe Analysis Software, Measurement System and Edge Painting System for Precision Optics",Interferometer Systems | Measurement Systems | Lens Treatment Systems | Software | CONTACT | Social NETWORK | INFORMATION,,,,,92,A,optical_components,"centring, interferometer, interferometric, laser, laser measuring, lens, lenses, machining, manufacturing, measurement, measuring, metrology, optical components, optics, optomechanical, polishing, processing, production, surface measuring",,priority_europe,6,"Discuss component-level visual inspection for lenses, prisms, mirrors, windows, micro-optics, and precision optical assemblies.",
Exhibitor,"Boxin Photoelectric Co., Ltd.",Canada,L4B3G2,Richmond Hill,,https://www.bxoptic.com,Hall 3.0 - Stand 310,https://www.optatec-messe.de/en/Exhibitor-Index/81920-boxin-photoelectric-co---ltd,cherry.lee@bxoptic.com,+1 905 604 2805/ 416 904 8699,manufacturer_target,"Exhibitor details of:  Boxin Photoelectric Co., Ltd.","Optatec Internationale Fachmesse für optische Technologien, Komponenten und Systeme","Optical components and materials | Optical components | Prisms, wedges | Round optics, spherical and aspheric lenses | Cylindrical lenses | Boxin Photoelectric Co., Ltd. | 20. March 2026 | Measurement interferogram of large dimension glass-ceramics component diameter: 630 plano RMS:1/100λ | 700mm Ion Beam Polishing Machine | Used for ultra-precision machining of optical components as well as ion beam polishing. It supports a variety of optical materials with different characteristics, including fused silica, glass-ceramics, monocrystalline silicon, and sapphire. The machine is | ...more | My day at the fair | Request an exhibitor appointment | More information | Ms. | Mr. | First name* | Surname* | Desired date | E-Mail* | Message | Phone number | Your appointment request will be sent to the manufacturer with your name and e-mail address. You will receive your appointment confirmation by e-mail from Boxin Photoelectric Co., Ltd.. | Information on data processing can be found in our",https://www.bxoptic.com/,BOXIN,,Business Introduction | Optical Lenses | Optical Coatings | Telephoto Cameras | Optical System Solutions | Inspection Capabilities | Machine Vision | About us,https://www.bxoptic.com/companyProfile.html,Company Profile - BOXIN,,"BOXIN Overview | About Us | Business Areas | Development History | BOXIN Officially Established | Establishment of North American Branch, Expanding into International Markets | Relocation to New Factory, Acquisition of Qioptiq | Introduction of International Advanced Production Lines, Expansion and Capacity Increase",81,A,optical_coatings_or_filters,"aspheric, coatings, inspection, lenses, machine vision, machining, measurement, optical components, optical materials, optics, polishing, prisms, processing, production, sapphire, spherical",,,0,"Discuss defect detection and surface inspection for optical coatings, filters, mirrors, and coated components.",
Exhibitor,DIOPTIC GmbH,Germany,69469,Weinheim,,https://www.dioptic.de,Hall 3.0 - Stand 503,https://www.optatec-messe.de/en/Exhibitor-Index/99332-dioptic-gmbh,info@dioptic.de,+49 6201 96090-00,manufacturer_target,Exhibitor details of:  DIOPTIC GmbH,"Optatec Internationale Fachmesse für optische Technologien, Komponenten und Systeme","Optical components and materials | Diffractive elements, optical lattices | Optical systems | Infrared technology | IR optics | Optical measuring and test technology | Image recording and image processing | Interferometric measuring technology | Surface measuring technology | Fields of application for optical technologies | Lenses | Optomechanical components and assemblies | Positioning and assembly systems | Fibre-optic devices/systems | Fibre-optic R&D (devices and systems) | Additional information | ARGOS nexus Product Sheet | CGH Flyer | Optical Design Flyer | Inspection Systems Flyer | DIOPTIC GmbH | 03. March 2026 | ARGOS nexus - Automated Scratch / Dig Inspection | ARGOS nexus is an automated scratch/dig inspection solution featuring a high-resolution imaging system with combined dark field and bright field illumination. There are different resolution options and large inspection areas which can be used for either individual large parts or batches of",https://www.dioptic.de/,DIOPTIC GmbH - Creating optical solutions,Optikentwicklung und Technologieberatung bis an die Grenzen des physikalisch Machbaren. DIOPTIC forscht und entwickelt an optischen Technologien.,Creating Optical Solutions | Creating: Wir realisieren optische Systeme für Ihre Vision. Optical: Wir sind die Expert:innen für optische Messtechnik. Solutions: Für Ihre Lösung loten wir die Grenzen des physikalisch Machbaren aus. | Produkte | Leistungen | Branchen | Aktuelles | ARGOS nexus für automatisierte Oberflächenprüfung | DIOPTIC stellt ARGOS nexus vor – universelle Plattform für die automatisierte Scratch/Dig-Inspektion,https://www.dioptic.de/ueber-dioptic/,Über DIOPTIC - DIOPTIC GmbH,Die Expertise der DIOPTIC reicht von der Optik und Optomechanik über Sensorik und Lasertechnologie bis zur erfolgreichen Systemintegration.,"Über DIOPTIC | „Erfolg beginnt mit Einstellung. Und die richtige Einstellung heißt bei uns, dass wir uns mit Sorgfalt und Umsicht, Engagement und Herzblut einer Aufgabe widmen. Das sind ideale Voraussetzungen, um einzigartige Lösungen zu erarbeiten.“ | Firmenprofil | Optikentwicklung und Technologieberatung | Kundennutzen | Innovationspotenziale ausschöpfen | Von ganzheitlicher Unterstützung profitieren | Auf höchste Qualität verlassen",72,A,optical_materials_or_glass,"diffractive, image processing, inspection, interferometric, ir optics, lenses, measuring, optical components, optics, optomechanical, positioning, processing, surface measuring",,priority_europe,6,"Discuss inspection workflows for optical glass, crystals, blanks, sapphire, quartz, or precision optical materials.",
Exhibitor,Innolite GmbH,Germany,52070,Aachen,,https://www.innolite.de,Hall 3.0 - Stand 620,https://www.optatec-messe.de/en/Exhibitor-Index/44482-innolite-gmbh,info@innolite.de,+49 241 475708-0,manufacturer_target,Exhibitor details of:  Innolite GmbH,"Optatec Internationale Fachmesse für optische Technologien, Komponenten und Systeme","Optical components and materials | Optical components | Planar optics, planar and plane-parallel windows, planar plates | Prisms, wedges | Mirrors, beam splitters | Round optics, spherical and aspheric lenses | Cylindrical lenses | Quartz optics | Plastic optics | Freeform components | Micro-optics | Diffractive elements, optical lattices | Special optics | Optical systems | Infrared technology | IR optics | Fields of application for optical technologies | Production technology | Telescopes | Lenses | Photovoltaic components and assemblies | Mirrors | Lenses | Micro-structuring",https://www.innolite.de/,Innolite - Home,,This is Innolite: | Tailored Molds & Optics | This is Innolite: | Ultra Precision Machine Tools | This is Innolite: | Alignment Turning | This is Innolite: | Ultra Sonic Machining,https://www.innolite.de/company.html,Innolite - Company,,Experience | All along the process chain | Our team | Dr. Christian Wenzel | Rainer Klar | Lucas Pesch | Jobs description | Ausbildungsbetrieb,71,A,optical_materials_or_glass,"aspheric, diffractive, freeform, ir optics, laser, lenses, machining, manufacturing, micro-optics, optical components, optics, prisms, production, quartz, spherical, ultra precision",,priority_europe,6,"Discuss inspection workflows for optical glass, crystals, blanks, sapphire, quartz, or precision optical materials.",
Exhibitor,OPTAplus BG JSC,Bulgaria,1632,Sofia,,https://www.optaplus.com,Hall 3.0 - Stand 208,https://www.optatec-messe.de/en/Exhibitor-Index/58336-optaplus-bg-jsc,office@optaplus.com,+359 2 872 3207,manufacturer_target,Exhibitor details of:  OPTAplus BG JSC,"Optatec Internationale Fachmesse für optische Technologien, Komponenten und Systeme","Optical components and materials | Optical components | Planar optics, planar and plane-parallel windows, planar plates | Prisms, wedges | Mirrors, beam splitters | Optical filters, coloured glass filters | Round optics, spherical and aspheric lenses | Optomechanical components and assemblies | Optomechanical components | You are currently viewing a placeholder content from | YouTube | . To access the actual content, click the button below. Please note that doing so will share data with third-party providers. | More Information | Unblock content | Accept required service and unblock content | OPTAplus BG JSC | Hermann Maier Str 46, OPTAplus | 1632 Sofia | Bulgaria | +359 2 872 3207 | office@optaplus.com | https://www.optaplus.com | Sales contact | Ms. Dilyana Stefanova",https://optaplus.com/,Home - Optaplus,Your ideas into focus. We create the components for your opto-mechanical systems,Our Certification and Policy | Latest news | Applications | Measurement & Control Technology | Engineering | Machine Vision & Image Processing | Medical & Laser Technology | Sensors for Industrial Automation,https://optaplus.com/about-us/,Meet Our Team - Learn More About Optaplus,Your ideas into focus. We create the components for your opto-mechanical systems,About Us | Your Ideas Into Focus | Our Team,70,A,optical_components,"aspheric, automation, image processing, laser, lenses, machine vision, measurement, optical components, optics, optomechanical, prisms, processing, spherical",,priority_europe,6,"Discuss component-level visual inspection for lenses, prisms, mirrors, windows, micro-optics, and precision optical assemblies.",
Exhibitor,TRIOPTICS,Germany,22880,Wedel,,https://www.trioptics.com,Hall 3.0 - Stand 408,https://www.optatec-messe.de/en/Exhibitor-Index/48028-trioptics,sales@trioptics.com,+49 4103 18006-0,manufacturer_target,Exhibitor details of:  TRIOPTICS,"Optatec Internationale Fachmesse für optische Technologien, Komponenten und Systeme",Optical measuring and test technology | Interferometric measuring technology | Measurement of optical quantities | Surface measuring technology | Goniometers | Additional information | Image Brochure | OptiCentric® 101 | ATS | ImageMaster® Afocal | ImageMaster® Cine | ImageMaster® HR UP | OptiSurf® LTM | PrismMaster® Flex | Spherometer | TriAngle | µPhase® | TRIOPTICS | Strandbaddamm 6 | 22880 Wedel | Germany | +49 4103 18006-0 | +49 4103 18006-20 | sales@trioptics.com,https://www.trioptics.com/,Home | TRIOPTICS,"We offer optical measurement and manufacturing systems for quality control and assembly of lenses, lens systems, camera modules.","Simplify and visualize | Ensuring correlation through uniform inspection | Camera & Lidar innovations made easy and fast | Contract manufacturing | Team up with TRIOPTICS | Measurement solutions for VR and AR | Worldwide standard for optical metrology | In the field of optical measurement, we create standards instead of just fulfilling them.",https://www.trioptics.com/trioptics/about-us,About us | TRIOPTICS,TRIOPTICS develops and produces the most comprehensive range of optical measurement and production technology for optical systems worldwide.,About us | Optics is our passion | 30 years of expertise in optical metrology | What drives us | Pioneering Spirit | Know-How | Customer Orientation | Diversity,70,A,optical_components,"camera, inspection, interferometric, lens, lenses, manufacturing, measurement, measuring, metrology, optical components, optics, production, surface measuring",,priority_europe,6,"Discuss component-level visual inspection for lenses, prisms, mirrors, windows, micro-optics, and precision optical assemblies.",
Exhibitor,OptoTech Optikmaschinen GmbH,Germany,35435,Wettenberg,,https://www.optotech.net,Hall 3.0 - Stand 324,https://www.optatec-messe.de/en/Exhibitor-Index/47188-optotech-optikmaschinen-gmbh,info.de@optotech.net,+49 641 49939-0,manufacturer_target,Exhibitor details of:  OptoTech Optikmaschinen GmbH,"Optatec Internationale Fachmesse für optische Technologien, Komponenten und Systeme","Optical measuring and test technology | Interferometric measuring technology | Thin-film technology | Vacuum/high-vacuum technology | Machining | Ultraprecision machining | Centring/rounding | Polishing | Grinding/lapping | You are currently viewing a placeholder content from | YouTube | . To access the actual content, click the button below. Please note that doing so will share data with third-party providers. | More Information | Unblock content | Accept required service and unblock content | Additional information | Image Brochure OptoTech | 05. May 2026 from 11:00 to 11:40 Clock | Well ground is half polished - Improvements along the process chain for high-end optics | OptoTech Optikmaschinen GmbH | Dipl. Ing.Sebastian Stoebenau | hall 3.0 booth 625 | FORUM | Calendar appointment",https://www.optotech.net/,Home | OptoTech,,Welcome to OptoTech | Vision. Precision. Passion. | Lens Production on a New Level | Mark Hollmann as New SBA Manager Ophthalmic | Precision Without the Wait | NEW: IQ-Synergy Taper | Expansion of Coating-Portfolio | Progress in Sustainability and Energy Efficiency,https://www.optotech.net/en/company/about-us,About Us | OptoTech,,Welcome to OptoTech | Your technological partner for optical machinery and process technology | Welcome to OptoTech | OptoTech at a Glance | OptoTech worldwide | OptoTech Optikmaschinen GmbH,65,A,optical_coatings_or_filters,"centring, coating, grinding, interferometric, lapping, lens, machining, manufacturing, measuring, optical components, optics, polishing, production, thin-film technology, ultraprecision, vacuum technology",,priority_europe,6,"Discuss defect detection and surface inspection for optical coatings, filters, mirrors, and coated components.",
Exhibitor,Mahr GmbH,Germany,37073,Göttingen,,https://www.mahr.com,Hall 3.0 - Stand 507,https://www.optatec-messe.de/en/Exhibitor-Index/83758-mahr-gmbh,info@mahr.com,+49 551 7073 0,manufacturer_target,Exhibitor details of:  Mahr GmbH,"Optatec Internationale Fachmesse für optische Technologien, Komponenten und Systeme","Optical measuring and test technology | Interferometric measuring technology | Measurement of optical quantities | Surface measuring technology | Fields of application for optical technologies | Image processing and measuring technology | 06. May 2026 from 11:00 to 11:40 Clock | Aspheric Surface Error Detection Using Tactile Profilometry | Mahr GmbH | Martin Beinemann | hall 3.0 booth 625 | FORUM | • The talk describes how aspheric optical surfaces can be efficiently characterized using tactile profilometry – from simple linear scans through spatial analysis to complete 3D evaluation. By precisely capturing surface form deviations, manufacturing defects become visible at an early | ...more | Calendar appointment | My day at the fair | More information | Mahr GmbH | Carl-Mahr-Str. 1 | 37073 Göttingen | Germany | +49 551 7073 0 | +49 551 7073 888 | info@mahr.com",https://www.mahr.com/en-int/,Mahr Group,,Welcome to the Mahr Group | Metrology | Metering Systems | Rotary Stroke Bearings | Welcome to Mahr | Our Corporate Divisions | News from Mahr | Who we are & what makes us special,https://www.mahr.com/en-int/company,Company,"We have been leading the way in the development and manufacture of measuring technology, ball-bearing guides and dosing technology for almost 160 years.",For more than 160 years - our Mahr mission | Our objective: never settle for mediocrity | Our craft | Fifth generation family business | We're up for the task | Progress through motion | What drives us | Why we do what we do,60,A,optical_components,"aspheric, image processing, interferometric, manufacturing, measurement, measuring, metrology, optical components, processing, surface measuring",,priority_europe,6,"Discuss component-level visual inspection for lenses, prisms, mirrors, windows, micro-optics, and precision optical assemblies.",
Exhibitor,Polytec GmbH,Germany,76337,Waldbronn,,https://www.polytec.com,Hall 3.0 - Stand 503,https://www.optatec-messe.de/en/Exhibitor-Index/99334-polytec-gmbh,info@polytec.de,+49 7243 604 0,manufacturer_target,Exhibitor details of:  Polytec GmbH,"Optatec Internationale Fachmesse für optische Technologien, Komponenten und Systeme","Optical sensors | Sensors, geometric | Optical measuring and test technology | Dimensional measuring technology | Surface measuring technology | Fields of application for optical technologies | Image processing and measuring technology | Microscopes | Interferometry | Service, institutions, publishers | Oscillation measurement and analysis | You are currently viewing a placeholder content from | YouTube | . To access the actual content, click the button below. Please note that doing so will share data with third-party providers. | More Information | Unblock content | Accept required service and unblock content | Polytec GmbH | 14. April 2026 | Measure form on large area, and sub-nm texture | Functionality and quality of industrially manufactured components relies on well-controlled and well-monitored machining processes. Quality control, close to line or inline quality inspection often uses surface metrology for evaluating form, roughness and other surface parameters. | Now, | ...more | My day at the fair",https://www.polytec.com/,Measure what matters - Polytec,,Turn measurement data into confident decisions | Our measurement technologies | Vibrometry | Velocimetry | Surface Metrology | Photonics | Process Analytics | No budget? Just measure.,https://www.polytec.com/en/company,Company - Polytec,,Polytec—measure what matters | Today Polytec specializes in the technological fields of | Your distribution partner for Europe | Innovative from the very outset | Awards,59,A,optical_components,"image processing, inspection, machining, manufacturing, measurement, measuring, metrology, optical components, processing, surface measuring",,priority_europe,6,"Discuss component-level visual inspection for lenses, prisms, mirrors, windows, micro-optics, and precision optical assemblies.",
Exhibitor,Nikon Metrology Europe NV,Belgium,3001,Leuven,,https://industry.nikon.com/de-de/,Hall 3.0 - Stand 513,https://www.optatec-messe.de/en/Exhibitor-Index/99292-nikon-metrology-europe-nv,Sales.Germany.NM@nikon.com,+49 211 4544 6951,manufacturer_target,Exhibitor details of:  Nikon Metrology Europe NV,"Optatec Internationale Fachmesse für optische Technologien, Komponenten und Systeme",Software for optics and optoelectronics | Software for microscopic image processing | Fields of application for optical technologies | Microscopes | Nikon Metrology Europe NV | Interleuvenlaan 86 | 3001 Leuven | Belgium | +49 211 4544 6951 | Sales.Germany.NM@nikon.com | https://industry.nikon.com/de-de/ | Visit Nikon Metrology Europe NV on the Optatec 2026 | Calendar appointment,https://industry.nikon.com/de-de/,Nikon Industrial Metrology - Home,"Nikon Metrology offers solutions for all industrial measurement, inspection and quality assurance needs in manufacturing and production environments.",Select Your Region and Language | Innovative Messlösungen für Ihren Fertigungsbereich. | Produkte | Röntgen-CT | Laser Radar | Video-Messsysteme | Manuelles Messen | Industriemikroskopie,https://industry.nikon.com/de-de/uber-uns/,Über uns - Nikon Industrial Metrology,,Select Your Region and Language | Über uns | Nikon’s Industrial Solutions Business Unit (IDSBU) stellt sich vor | Digitalisierung und Automatisierung | Drei Säulen der der Exzellenz | Zukunftsfähigkeit | Nachhaltigkeit | Arbeiten im Geschäftsbereich Industrielle Messtechnik (IDSBU),57,A,optical_components,"image processing, inspection, laser, manufacturing, measurement, metrology, optical components, optics, processing, production",,priority_europe,6,"Discuss component-level visual inspection for lenses, prisms, mirrors, windows, micro-optics, and precision optical assemblies.",
Exhibitor,SmarAct GmbH,Germany,26135,Oldenburg,,https://www.smaract.com,Hall 3.0 - Stand 325,https://www.optatec-messe.de/en/Exhibitor-Index/98640-smaract-gmbh,info-de@smaract.com,+49 441 800879 0,manufacturer_target,Exhibitor details of:  SmarAct GmbH,"Optatec Internationale Fachmesse für optische Technologien, Komponenten und Systeme","Optomechanical components and assemblies | Optomechanical components | Positioning and assembly systems | Fibre-optic devices/systems | Fibre-optic interferometry | Machining | Ultraprecision machining | Additional information | Catalog 2026 | SmarAct GmbH | 14. April 2026 | Showcase of solutions for high-precision positioning, metrology & automation in optics and photonics | A key highlight is a large-scale gantry system designed for the precise alignment and microassembly of optical components. Combining long travel ranges with nanometer-precision positioning, it enables demanding applications such as the parallel alignment of fiber arrays, optical | ...more | My day at the fair | Request an exhibitor appointment | More information | Ms. | Mr. | First name* | Surname* | Desired date | E-Mail* | Message",https://www.smaract.com/en/,"Your Partner for High Precision in Positioning, Automation and Metrology. - SmarAct","Discover SmarAct's innovative solutions for high precision positioning, automation, and metrology across various industries.",Automation Stations for Microassembly Production | SMARBOTIC | SMARSHIFT | METIRIO® Optical Encoder | SMARFLEX | SMARSLIDE | PICOSCALE Interferometer | Be Yourself and Shape the Future With Us,https://www.smaract.com/en/company,SmarAct - Innovations in Precision Technology - SmarAct,"SmarAct leads in high-precision positioning and automation, enabling advancements in semiconductor, life sciences, and research applications.",SmarAct - Innovations in Precision Technology | Who we are: Future Driven by Precision with Hightech Made in Oldenburg | Milestones – Our Journey Through Space and Time | ... and how it's going | How it started ... | Three Business Units | Shaping the World of Tomorrow | Production-ready manufacturing of precision optical assemblies,57,A,optical_components,"automation, interferometer, machining, manufacturing, metrology, optical components, optics, optomechanical, positioning, production, ultraprecision",,priority_europe,6,"Discuss component-level visual inspection for lenses, prisms, mirrors, windows, micro-optics, and precision optical assemblies.",
Exhibitor,Bühler Alzenau GmbH,Germany,63755,Alzenau,,https://www.buhlergroup.com/leyboldoptics,Hall 3.0 - Stand 508,https://www.optatec-messe.de/en/Exhibitor-Index/98022-buehler-alzenau-gmbh,leyboldoptics@buhlergroup.com,+4960235000,manufacturer_target,Exhibitor details of:  Bühler Alzenau GmbH,"Optatec Internationale Fachmesse für optische Technologien, Komponenten und Systeme","Optical components and materials | Filters, dielectric interference filters | Infrared technology | IR optics | Thin-film technology | Applications and processes for the production of optical thin films | Vacuum/high-vacuum technology | Bühler Alzenau GmbH | Siemensstraße 88 | 63755 Alzenau | Germany | +4960235000 | leyboldoptics@buhlergroup.com | https://www.buhlergroup.com/leyboldoptics | Visit Bühler Alzenau GmbH on the Optatec 2026 | Calendar appointment",https://www.buhlergroup.com/global/en/industries/leyboldoptics.html,Leybold Optics | Bühler Leybold Optics,"With over 150 years of experience, Bühler Leybold Optics is a leading supplier of thin-film vacuum coating technology. Our state-of-the art solutions include precision or ophthalmic optics applications, the metalization of headlights for the automotive industry; architectural glass for a wide range of buildings, roll-to-roll substrates for the food industry or capacitors. All of our solutions are tailored to your specific market demands.",Leybold Optics | Leybold Optics | Industries | Facts about Leybold Optics | 650 Employees | CHF > 250m | 5%‏‏‎ ‎‏‏‎ ‎‏‏‎ ‎‏‏‎ ‎‏‏‎ ‎‏‏‎ ‎ | 650 Employees,https://www.buhlergroup.com/global/en/purpose-community/about-buhler.html,About Bühler I Careers I Bühler Group,"Bühler is driven by its purpose of creating innovations for a better world, balancing the needs of economy, humanity, and nature. Billions of people come into contact with Bühler technologies as they cover their basic needs for food and mobility every day.",Where passion meets purpose | Why Bühler is unique | Family-owned business culture | Global spirit | Sustainability | Innovation | Lifelong learning | Inspiring company purpose,55,A,optical_coatings_or_filters,"coating, dielectric, ir optics, manufacturing, optical components, optics, production, thin-film technology, vacuum coating, vacuum technology",,priority_europe,6,"Discuss defect detection and surface inspection for optical coatings, filters, mirrors, and coated components.",
Exhibitor,WOOPTIX,Spain,38320,Santa Cruz de Tenerife,,https://www.wooptix.com ,Hall 3.0 - Stand 147,https://www.optatec-messe.de/en/Exhibitor-Index/99270-wooptix,info@wooptix.com,+34 822 900 502,manufacturer_target,Exhibitor details of:  WOOPTIX,"Optatec Internationale Fachmesse für optische Technologien, Komponenten und Systeme","Optical measuring and test technology | Image recording and image processing | Dimensional measuring technology | Laser measuring systems | Surface measuring technology | WOOPTIX | 14. April 2026 | Discover SEBI® RT1000, the new wavefront sensor | The SEBI® RT1000 introduces exceptionally high wavefront phase spatial sampling (1.000x1.000), real time processing (30 FPS), and absolute wavefront accuracy (λ/30 RMS) for the most demanding measurement tasks. | SEBI® RT1000 is a high-resolution wavefront sensor with real-time processing | ...more | My day at the fair | Request an exhibitor appointment | More information | Ms. | Mr. | First name* | Surname* | Desired date | E-Mail* | Message | Phone number | Your appointment request will be sent to the manufacturer with your name and e-mail address. You will receive your appointment confirmation by e-mail from WOOPTIX. | Information on data processing can be found in our",https://www.wooptix.com,,,,,,,,54,A,optical_components,"image processing, laser, laser measuring, measurement, measuring, optical components, processing, sensor, surface measuring",,priority_europe,6,"Discuss component-level visual inspection for lenses, prisms, mirrors, windows, micro-optics, and precision optical assemblies.",403 Client Error: Forbidden for url: https://www.wooptix.com/
Exhibitor,IB/E optics GmbH,Germany,94078,Freyung,,https://www.ibe-optics.com,Hall 3.0 - Stand 412,https://www.optatec-messe.de/en/Exhibitor-Index/98206-ib%252Fe-optics-gmbh,info@ibe-optics.com,+49 8551 99980-30,manufacturer_target,Exhibitor details of:  IB/E optics GmbH,"Optatec Internationale Fachmesse für optische Technologien, Komponenten und Systeme","Optical components and materials | Optical systems | Optical measuring and test technology | Measurement of optical quantities | Fields of application for optical technologies | Image processing and measuring technology | Lenses | Optomechanical components and assemblies | Optomechanical components | Shutters | You are currently viewing a placeholder content from | YouTube | . To access the actual content, click the button below. Please note that doing so will share data with third-party providers. | More Information | Unblock content | Accept required service and unblock content | IB/E optics GmbH | Passauer Str. 13 | 94078 Freyung | Germany | +49 8551 99980-30 | +49 8551 99980-31 | info@ibe-optics.com | https://www.ibe-optics.com",https://www.ibe-optics.com/,"IBE | Custom Precision Optics for Imaging, Cine, Industry","IB/E Optics is a optical design, manufacturing and service provider for high-end customized optics for cine, film, Industry, Medical, Science and Defence.",Custom | High-end | Optical Systems | We solve optical problems other can't... | What we do | About us | Innovation | DEVELOPMENT,,,,,53,A,optical_components,"image processing, lenses, manufacturing, measurement, measuring, optical components, optics, optomechanical, processing",,priority_europe,6,"Discuss component-level visual inspection for lenses, prisms, mirrors, windows, micro-optics, and precision optical assemblies.",
Exhibitor,POG Präzisionsoptik Gera GmbH,Germany,04626,Löbichau,,https://www.pog.eu,Hall 3.0 - Stand 326,https://www.optatec-messe.de/en/Exhibitor-Index/46516-pog-praezisionsoptik-gera-gmbh,info@pog.eu,+49 36602 528 400,manufacturer_target,Exhibitor details of:  POG Präzisionsoptik Gera GmbH,"Optatec Internationale Fachmesse für optische Technologien, Komponenten und Systeme","Optical components and materials | Optical components | Planar optics, planar and plane-parallel windows, planar plates | Prisms, wedges | Mirrors, beam splitters | Round optics, spherical and aspheric lenses | Special optics | Optical systems | Optomechanical components and assemblies | Optomechanical components | You are currently viewing a placeholder content from | YouTube | . To access the actual content, click the button below. Please note that doing so will share data with third-party providers. | More Information | Unblock content | Accept required service and unblock content | Additional information | POG Precision Optics Gera | POG Präzisionsoptik Gera GmbH | 11. March 2026 | Custom Optical Systems - From Design to Serial Production | We specialize in the development and manufacturing of advanced optical solutions tailored to specific customer applications. Our product portfolio includes complex optical systems, precision optical components, and advanced optical microstructures, covering the spectral range from UV to | ...more | My day at the fair",https://www.pog.eu/de/,POG Präzisionsoptik Gera GmbH – POG Präzisionsoptik Gera GmbH,"Als mittelständisches Photonikunternehmen entwickeln und fertigen wir kundenspezifische optische Systeme, Mikrostrukturen und Komponenten.",Von UV bis IR – Präzision im ganzen Spektrum | Unternehmensnachrichten | Stellenangebote | Produkte & Lösungen | Wir bieten Perspektiven | Ihre Karriere bei POG | Unsere Stellenanzeigen,https://www.pog.eu/de/,POG Präzisionsoptik Gera GmbH – POG Präzisionsoptik Gera GmbH,"Als mittelständisches Photonikunternehmen entwickeln und fertigen wir kundenspezifische optische Systeme, Mikrostrukturen und Komponenten.",Von UV bis IR – Präzision im ganzen Spektrum | Unternehmensnachrichten | Stellenangebote | Produkte & Lösungen | Wir bieten Perspektiven | Ihre Karriere bei POG | Unsere Stellenanzeigen,53,A,optical_components,"aspheric, lenses, manufacturing, optical components, optics, optomechanical, prisms, production, spherical",,priority_europe,6,"Discuss component-level visual inspection for lenses, prisms, mirrors, windows, micro-optics, and precision optical assemblies.",
Exhibitor,GWU-Lasertechnik GmbH,Germany,50374,Erftstadt,,https://www.gwu-lasertechnik.de,Hall 3.0 - Stand 106,https://www.optatec-messe.de/en/Exhibitor-Index/47126-gwu-lasertechnik-gmbh,info@gwu-lasertechnik.de,+49 2235 95522-0,manufacturer_target,Exhibitor details of:  GWU-Lasertechnik GmbH,"Optatec Internationale Fachmesse für optische Technologien, Komponenten und Systeme","Optical components and materials | Optical components | Planar optics, planar and plane-parallel windows, planar plates | Deceleration plates | Quartz optics | Crystals, non-linear, frequency-doubled, electro-optical, general | Colour effect filters, dielectric | Optical measuring and test technology | Spectrometers | Optoelectronic components and assemblies | Modulators | Laser system components | Laser crystal components, e.g. rods, lenses | Laser pump light sources | Laser diode modules | Additional information | Brochure PPLN-Mixers | Catalog PPLN Crystals | Catalog PPLN Waveguides | About Us | Modular Spektrometers | Catalog Crystals | Catalog Laser Components | Catalog Laser Optics",https://gwu-lasertechnik.de/,Welcome - GWU-Lasertechnik,"Since more than 30 years GWU-Lasertechnik are well known experts for crystals, optics and non-linear frequency conversion. Contact us!",GWU-Lasertechnik – Best of Photonics,https://gwu-lasertechnik.de/about-us/,About us - GWU-Lasertechnik,"More than 30 years well-known experts for crystals, optics and non-linear frequency conversion. Find out more about our Company History!",About us: | Learn more about our History: | Bringing Non-linear Optics to the Market | First commercial BBO OPO | Improving OPO-Technology | Ultrafast OEM Devices | Narrow linewidth OPOs | 3rd generation of GWU-OPOs,52,A,optical_coatings_or_filters,"crystal, dielectric, laser, laser diode, lenses, measuring, optical components, optics, quartz",,priority_europe,6,"Discuss defect detection and surface inspection for optical coatings, filters, mirrors, and coated components.",
Exhibitor,Hyperion Optics USA,USA,08817,Edison,,https://www.hypoptics.com,Hall 3.0 - Stand 710,https://www.optatec-messe.de/en/Exhibitor-Index/97660-hyperion-optics-usa,rfq-us@hypoptics.com,+1 9088991918,manufacturer_target,Exhibitor details of:  Hyperion Optics USA,"Optatec Internationale Fachmesse für optische Technologien, Komponenten und Systeme","Optical components and materials | Optical components | Optical coatings | Infrared technology | IR optics | Optomechanical components and assemblies | Positioning and assembly systems | Hyperion Optics USA | 1981 Route 27, Suite 204 | 08817 Edison | USA | +1 9088991918 | rfq-us@hypoptics.com | https://www.hypoptics.com | Visit Hyperion Optics USA on the Optatec 2026 | Calendar appointment",https://www.hypoptics.com/,"Optical Components, Lens Assembly, Optical Design & Manufacturing, Prototyping & LRIP","Decades experience of high precision optical components fabrication and lens assembly. Expertise: optical design, rapid prototyping, LRIP volume production, built to print.",,https://www.hypoptics.com/about-us/company-profile.html,Company Profile - Hyperion Optics,"Hyperion Optics is a leading optics supplier of photonics products including optical components, lens systems and opto-mechanical assemblies in UV, Visible, NIR, SWIR applications.Our clients spanning...",About Hyperion Optics,52,A,optical_coatings_or_filters,"coatings, ir optics, lens, manufacturing, optical components, optics, optomechanical, positioning, production",,priority_usa,8,"Discuss defect detection and surface inspection for optical coatings, filters, mirrors, and coated components.",
Exhibitor,I-Photonics,Lithuania,14198,"Avizieniu, Vilnius raj.",,https://www.i-photonics.lt,Hall 3.0 - Stand 610,https://www.optatec-messe.de/en/Exhibitor-Index/58586-i-photonics,info@i-photonics.lt,+370 679 18911,manufacturer_target,Exhibitor details of:  I-Photonics,"Optatec Internationale Fachmesse für optische Technologien, Komponenten und Systeme","Optical components and materials | Micro-optics | Optical coatings | Optical systems | Thin-film technology | Applications and processes for the production of optical thin films | Additional information | Catalogue - OpticalCoatingsManufacturer | Catalogue VacuumCoatingSystems | I-Photonics | Parko 3 | 14198 Avizieniu, Vilnius raj. | Lithuania | +370 679 18911 | info@i-photonics.lt | https://www.i-photonics.lt | Sales contact | Mr. Vitali Khomich | +49 151 55669567 | v.khomich@i-photonics.de | Request ticket | Visit I-Photonics on the Optatec 2026 | Calendar appointment",https://i-photonics.lt/,Vacuum Coating Systems & Thin-Film Coating Services | I-Photonics,I-Photonics provides advanced coating systems and thin-film solutions ✓ High-quality equipment ✓ Custom solutions ✓ Ongoing technical support ✓ Order now >>,Vacuum Coating Systems | Thin-film Coating | Our Products | Ortus 700 | Ortus 900 | Ortus 1100 | Ortus 1500 | Lidiz 700,https://i-photonics.lt/news-and-events/news,Vacuum Coating Systems & Thin-Film Coating Services | I-Photonics,I-Photonics provides advanced coating systems and thin-film solutions ✓ High-quality equipment ✓ Custom solutions ✓ Ongoing technical support ✓ Order now >>,Company News | Mike Ivanovski Presents IR Coatings at Photonics Talks | Day 1 at Optatec 2026: I-Photonics Team On-Site 👋 | I-Photonics at EPIC AGM & Summit 2026 | I-Photonics Team Visits OPIE 2026 | Mike Ivanovski to Speak at Photonics Talks at Optatec 2026 | Join I-Photonics Beer Party at Optatec Messe 2026! | I-Photonics at SPIE Photonics Europe 2026 in Strasbourg,51,A,optical_coatings_or_filters,"coating, coatings, manufacturing, micro-optics, optical components, optics, production, thin-film technology, vacuum coating",,priority_europe,6,"Discuss defect detection and surface inspection for optical coatings, filters, mirrors, and coated components.",
Exhibitor,Zeeko Limited,United Kingdom,LE67 3FW,Coallville,,https://www.zeeko.co.uk,Hall 3.0 - Stand 143,https://www.optatec-messe.de/en/Exhibitor-Index/54856-zeeko-limited,sales@zeeko.co.uk,+44 1530 815832,manufacturer_target,Exhibitor details of:  Zeeko Limited,"Optatec Internationale Fachmesse für optische Technologien, Komponenten und Systeme",Optical components and materials | Optical components | Machining | Ultraprecision machining | Polishing | Grinding/lapping | Additional information | Zeeko VP Zero Info | Zeeko Industrial SAG Tools Guide to print final | Zeeko Tools Catalogue Optics Range 2024 | Zeeko Limited | 10. April 2026 | Ultra-Precision Polishing Machine | Zeeko's Intelligent Robotic Polishing Machines have been developed over 25 years and represent a pinnacle in the world of ultra-precision solutions. The machines can be used to polish optical and non-optical surfaces where fine form control or fine texture control is required. Surfaces can | ...more | My day at the fair | Request an exhibitor appointment | More information | Ms. | Mr. | First name* | Surname* | Desired date | E-Mail*,https://www.zeeko.co.uk/home/,Zeeko LTD – Pioneering Excellence,,zeekoltd,,,,,51,A,optical_components,"grinding, lapping, machining, manufacturing, optical components, optics, polishing, robotic, ultraprecision",,priority_uk,8,"Discuss component-level visual inspection for lenses, prisms, mirrors, windows, micro-optics, and precision optical assemblies.",
Exhibitor,AGC Plasma Technology Solutions,Belgium,1348,Louvain-la-Neuve,,https://www.agc-plasma.com,Hall 3.0 - Stand 118,https://www.optatec-messe.de/en/Exhibitor-Index/93872-agc-plasma-technology-solutions,jeroen.schotsaert@agc.com,+32 499 993 009,manufacturer_target,Exhibitor details of:  AGC Plasma Technology Solutions,"Optatec Internationale Fachmesse für optische Technologien, Komponenten und Systeme","Optical components and materials | Optical coatings | AR coatings | Thin-film technology | Applications and processes for the production of optical thin films | Vacuum/high-vacuum technology | Additional information | Company introduction | 05. May 2026 from 14:20 to 15:00 Clock | Innovative PVD and PECVD technology for anti-reflective coating manufacturing | AGC Plasma Technology Solutions | Mr. Dr. Louis Dellieu | hall 3.0 booth 625 | FORUM | Calendar appointment | My day at the fair | More information | AGC Plasma Technology Solutions | 20. March 2026 | AGC Plasma Technology Solutions: Manufacturer of Advanced Optical Coating Equipment | AGC Plasma Technology Solutions is a leading manufacturer of advanced vacuum coating equipment, specializing in systems for high-performance optical coatings. We design and build tailor-made, turn-key machinery that empowers our clients to industrialize their most innovative | ...more | My day at the fair | Request an exhibitor appointment",https://www.agc-plasma.com/,AGC Plasma: Plasma Tech Solutions,"Partner with AGC for advanced vacuum coating. Benefit from our thin film expertise, demo labs, and turn-key solutions globally.",Your partner for industrial vacuum coating equipment | We are active in the following industries | Explore our range of vacuum thin-film coating equipment | Sheet-to-Sheet Coaters | Roll-to-Roll Coaters | Custom Built Equipment | What are the benefits of working together? | We partner with our customers by providing the following services,https://www.agc-plasma.com/who-we-are/,About company - Who we are | AGC Plasma Technology,"AGC Plasma Technology Solutions unites PVD and PECVD experts, supporting start-ups, SMEs, and companies to industrialize plasma coatings.","AGC Plasma Technology Solutions | Our locations | AGC Technovation Centre Gosselies (BE) | AGC Demonstration & Research Centre Lauenförde (DE) | AGC Sacramento Research Facility Sacramento (US) | AGC Inc., the World’s Leading Glass Group | Contact us",49,A,optical_coatings_or_filters,"coating, coatings, manufacturing, optical components, production, thin film, thin-film technology, vacuum coating, vacuum technology",,priority_europe,6,"Discuss defect detection and surface inspection for optical coatings, filters, mirrors, and coated components.",
Exhibitor,Duma Optronics Ltd,Israel,3675018,Nesher,,https://www.dumaoptronics.com,Hall 3.0 - Stand 702,https://www.optatec-messe.de/en/Exhibitor-Index/84510-duma-optronics-ltd,sales@duma.co.il,+972 4 8200577,manufacturer_target,Exhibitor details of:  Duma Optronics Ltd,"Optatec Internationale Fachmesse für optische Technologien, Komponenten und Systeme","Optical measuring and test technology | Laser beam profile measuring systems | Fields of application for optical technologies | Achromatic lenses, oculars, collimators | Optomechanical components and assemblies | Beam positioning systems | Optoelectronic components and assemblies | Cameras, CCD line cameras + CMOS | Duma Optronics Ltd | 12. April 2026 | Optical Measurement Instrumentation - New Releases | Our featured solutions will include: | Total Station Autocollimator | A powerful platform for precision alignment, autocollimation, and beam analysis, designed to reduce test bench complexity and support both R&D and production environments. | AlignMeter / AngleMeter solutions | Fast and | ...more | My day at the fair | Request an exhibitor appointment | More information | Ms. | Mr. | First name* | Surname*",https://dumaoptronics.com/,"Duma Optronics: Profiling, Laser Beam Profilers, Analyzers, Positioning, Nesher, Israel","A manufacturer of Optronics Instrumentation, offering optical beam positioning, beam profilers, M2 and Divergence meters and electronic autocollimators. Precision at Best! 激光光束分析仪 光束测量 电子自准直仪 光学对准 光束发散度测量仪 光束质量测量 高功率激光光束分析仪 光束定位 多波长光束分析 红外光束分析 光学计量","Instruments of Light for Light Measurements | Instruments of Light for Light Measurements | Duma Optronics line-up includes laser beam positioning, beam divergence measurement, M2, multi-wavelength including near-IR, laser beam profiling, high power laser beam profiling, alignment and all in one multi-tasking Total Station Autocollimator. | Electronic Autocollimators | Alignment Sensing | Position Sensing | Beam Profiling | High Power Beam Analysis",https://dumaoptronics.com/about/,About - Duma Optronics,"Duma Optronics designs and manufactures advanced laser beam profilers, digital autocollimators, and optical alignment systems for industrial, defense, and research applications.",About | Company Profile | Quality | Quality Policy | ISO 9001:2015 | ISO 9001:2015 | IQNET | Inquiry Form,49,A,optical_components,"beam positioning, laser, lenses, measurement, measuring, optical components, optomechanical, positioning, production",,priority_middle_east,7,"Discuss component-level visual inspection for lenses, prisms, mirrors, windows, micro-optics, and precision optical assemblies.",
Exhibitor,Satisloh AG,Switzerland,6340,Baar,,https://www.satisloh.com,Hall 3.0 - Stand 517,https://www.optatec-messe.de/en/Exhibitor-Index/74286-satisloh-ag,info@satisloh.com,+41 41 766 16 16,manufacturer_target,Exhibitor details of:  Satisloh AG,"Optatec Internationale Fachmesse für optische Technologien, Komponenten und Systeme",Thin-film technology | Applications and processes for the production of optical thin films | Machining | Centring/rounding | Polishing | Grinding/lapping | Satisloh AG | Neuhofstrasse 12 | 6340 Baar | Switzerland | +41 41 766 16 16 | info@satisloh.com | https://www.satisloh.com | Sales contact | Ms. Alexandra Schwehn | 06441912174 | alexandra.schwehn@satisloh.com | Request ticket | Visit Satisloh AG on the Optatec 2026 | Calendar appointment,https://www.satisloh.com/,Satisloh | Optical Manufacturing Solutions for Ophthalmic & Precision Optics | Satisloh,"Satisloh offers manufacturing solutions for the ophthalmic and precision optics industries - machines, services, software, consumables, parts and automation",Satisloh | Ophthalmic | Precision Optics | Services & Support | A career at Satisloh. Why work for us? | What's your passion? | Career opportunities | Check out our,https://www.satisloh.com/who-we-are,Who we are | Optical Manufacturing Technology | Satisloh,"Satisloh is a global leader in manufacturing of machines and solutions for ophthalmic & precision optics, enabling companies to produce lenses and optics.",Satisloh | THE ART OF MAKING LENSES | More about us | Our Vision & Mission | Our Values | Satisloh Group | Diversity & Inclusion | Satisloh Worldwide,49,A,optical_components,"automation, centring, grinding, lapping, lenses, machining, manufacturing, optics, polishing, production, thin-film technology",,priority_europe,6,"Discuss component-level visual inspection for lenses, prisms, mirrors, windows, micro-optics, and precision optical assemblies.",
Exhibitor,American Photonics,USA,34243,Sarasota,,https://www.americanphotonics.com,Hall 3.0 - Stand 307-9,https://www.optatec-messe.de/en/Exhibitor-Index/99726-american-photonics,sales@americanphotonics.com,+1 941 752 5811,manufacturer_target,Exhibitor details of:  American Photonics,"Optatec Internationale Fachmesse für optische Technologien, Komponenten und Systeme",American Photonics | 6621 19th ST E | 34243 Sarasota | USA | +1 941 752 5811 | +1 941 752 5861 | sales@americanphotonics.com | https://www.americanphotonics.com | Visit American Photonics on the Optatec 2026 | Calendar appointment,https://americanphotonics.com/,American Photonics 100% Made in USA - Fast Delivery,"100% Made in USA CO2 laser lenses, Si Mirror, Nozzles, Protective Window, Fiber Laser Engraving, K40 Upgrade, Replacement Parts for Trumpf®, OmTech® & more",Find the Right Product for Your Machine | Reduce Risk — Buy Laser Optics Made in America | Top Sellers | Featured blogs | Top 5 Signs You Need to Replace Your CO₂ Laser Optics | Which CO2 laser tube do I need? | Light Insights: A Guide to Focusing Lenses | Let customers speak for us,https://americanphotonics.com/pages/about-us,American Photonics About Us,"Headquartered in Bradenton, Florida, American Photonics (APC) was created in 2000 to bring an American presence into the CO2 laser optics industry. APC is a world class facility designed and built to maximize efficiency and precision with high speed production. APC has incorporated the latest technology in optical fabrication and coating.","Find the Right Product for Your Machine | Our Mission | COMMITMENT TO SECURITY, QUALITY, & MILITARY READINESS | ISO Management System & Operational Excellence | ITAR Compliance – Securing National Interests | AMERICAN PHOTONICS CYBERSECURITY | WHY APC? | Innovation From the Beginning",48,A,optical_coatings_or_filters,"coating, fiber laser, laser, lenses, mirror, optics, production, window",,priority_usa,8,"Discuss defect detection and surface inspection for optical coatings, filters, mirrors, and coated components.",
Exhibitor,Valtech Corporation,USA,19464,Pottstown,,https://www.valtechcorp.com,Hall 3.0 - Stand 217,https://www.optatec-messe.de/en/Exhibitor-Index/98854-valtech-corporation,info@valtechcorp.com,+1 610 7055900,manufacturer_target,Exhibitor details of:  Valtech Corporation,"Optatec Internationale Fachmesse für optische Technologien, Komponenten und Systeme","Manufacturing systems for the production of optics | Cleaning, general | Machining | Lubricating coolants for glass processing | Auxiliary materials and tools for optics and optoelectronics | Adhesives, optical and glass | Adhesives, UV curing | Valtech Corporation | 2113 Sanatoga Station Road | 19464 Pottstown | USA | +1 610 7055900 | +1 610 7050300 | info@valtechcorp.com | https://www.valtechcorp.com | Visit Valtech Corporation on the Optatec 2026 | Calendar appointment",https://valtechcorp.com/,Home - Valtech Corporation,"Valtech Corporation has manufactured specialty chemicals for a variety of high-technology markets worldwide for over 30 years. Our VALTRON® brand of epoxy adhesives, specialty molded polymers, and formulated detergents have proven to be a fundamental component within these industries. Statement Regarding Coronavirus Learn More",Valtron ® | SPIE Optifab 2025 | SPIE Photonics West 2025 | Why Wait? Reach out to Valtech,https://valtechcorp.com/company/,Company - Valtech Corporation,"Valtech Corporation, a global specialty chemical manufacturer of high-performance products that fulfill diverse market applications for the photovoltaic, semiconductor, computer disk drive, precision optical, ophthalmic lens, medical device and instrumentation, precision metalworking, ceramics, and LED markets. Our extensive line of specialty products includes a broad range of custom-made epoxy adhesives and protective coatings, high-purity aqueous-based […]",Company | About Valtech | Want to Join Our Team?,48,A,optical_coatings_or_filters,"cleaning, coatings, lens, machining, manufacturing, optics, processing, production",,priority_usa,8,"Discuss defect detection and surface inspection for optical coatings, filters, mirrors, and coated components.",
Exhibitor,Quantum Design GmbH,Germany,64319,Pfungstadt,,https://www.qd-europe.com,Hall 3.0 - Stand 706,https://www.optatec-messe.de/en/Exhibitor-Index/58750-quantum-design-gmbh,germany@qd-europe.com,+49 6157-80710-0,manufacturer_target,Exhibitor details of:  Quantum Design GmbH,"Optatec Internationale Fachmesse für optische Technologien, Komponenten und Systeme","Optical components and materials | Polarisers | Optical filters, coloured glass filters | Filters, dielectric interference filters | Infrared technology | IR cameras | UV technology | UV measuring technology | Optical measuring and test technology | Laser power measuring instruments | Monochromators | Spectrometers | Fields of application for optical technologies | Generation 2, 3 and 4 image amplifiers | Residual light CCD cameras | EM-CCD cameras | NIR-CCD cameras | Optoelectronic components and assemblies | Cameras, CCD line cameras + CMOS | High-speed TDI and streak cameras | Image amplifying CCD cameras | Detectors | Photovoltaic components and assemblies | Lenses",https://qd-europe.com/de/en/,Quantum Design Germany,"For over 45 years, we have been one of the leading European distributors of high-tech instrumentation and consumables for scientific, academic and industrial research.",Quantum Design Oxford Products | Magnetism | Materials science | Spectroscopy | Imaging | Electron microscopy | Cryogenics | Optics,https://qd-europe.com/de/en/about-us/contact/,Contact,,Contact | Directors | Product Managers | Order processing | Service | Finance | Human resources | Administration,47,A,optical_coatings_or_filters,"dielectric, laser, lenses, manufacturing, measuring, optical components, optics, processing",,priority_europe,6,"Discuss defect detection and surface inspection for optical coatings, filters, mirrors, and coated components.",
Exhibitor,FHR Anlagenbau GmbH,Germany,01458,Ottendorf-Okrilla,,https://www.fhr.biz,Hall 3.0 - Stand 307-2,https://www.optatec-messe.de/en/Exhibitor-Index/46956-fhr-anlagenbau-gmbh,postbox@fhr.de,+49 35205 520-0,manufacturer_target,Exhibitor details of:  FHR Anlagenbau GmbH,"Optatec Internationale Fachmesse für optische Technologien, Komponenten und Systeme","Thin-film technology | Applications and processes for the production of optical thin films | Vacuum/high-vacuum technology | Optical components and materials | Optical materials, general | Optical coatings | Additional information | FHR Portfolio | FHR Anlagenbau GmbH | 16. April 2026 | FHR.Star.600-EOSS® | Sputtering System for the Deposition of Optical Interference Coatings on Large Substrates with Flat and Curved Surfaces. | System Description | The FHR.Star.600-EOSS® is a remarkable solution for manufacturing high-precision optical interference coatings | and meets the highest demands on | ...more | My day at the fair | Request an exhibitor appointment | More information | Ms. | Mr. | First name* | Surname* | Desired date",https://www.fhr.biz/,FHR Anlagenbau GmbH - The Thin Film Company,FHR Anlagenbau - Ihr Experte für individuelle Vakuumbeschichtungsanlagen und effiziente Materialien | Unsere Technologien für die Zukunft!,Jetzt Anrufen | Vakuum-Beschichtungsanlagen | Beschichtungs- materialien | Beschichtungs- service | Kundenservice | Vakuum-Beschichtungsanlagen | Beschichtungs- materialien | Beschichtungs- service,https://www.fhr.biz/we-are-fhr,FHR Anlagenbau: Ihre Experten für Dünnschichttechnik,"Entdecken Sie FHR Anlagenbau, die Pioniere der Dünnschichttechnologie. Erfahren Sie mehr über unser Fachwissen, unsere Kernkompetenzen.",Jetzt Anrufen | Die FHR als Unternehmen | Die FHR Anlagenbau GmbH | We are FHR | Der Motor unseres Wachstums | What we do | Engineering | Unser Anspruch,46,A,optical_coatings_or_filters,"coatings, manufacturing, optical components, optical materials, production, thin film, thin-film technology, vacuum technology",,priority_europe,6,"Discuss defect detection and surface inspection for optical coatings, filters, mirrors, and coated components.",
Exhibitor,Jenny Science AG,Switzerland,6026,Rain,,https://www.jennyscience.ch,Hall 3.0 - Stand 618,https://www.optatec-messe.de/en/Exhibitor-Index/96522-jenny-science-ag,info@jennyscience.ch,+41 41 255 25 25,manufacturer_target,Exhibitor details of:  Jenny Science AG,"Optatec Internationale Fachmesse für optische Technologien, Komponenten und Systeme","Optical measuring and test technology | Goniometers | Light guides / fibre-optic cables, pre-assembled | Fibre-optic cables, prefabricated with standard plug connector | Manufacturing systems for the production of optics | Display manufacturing technology | Machining | Ultraprecision machining | You are currently viewing a placeholder content from | YouTube | . To access the actual content, click the button below. Please note that doing so will share data with third-party providers. | More Information | Unblock content | Accept required service and unblock content | Additional information | Product Brochure | Jenny Science AG | Sandblatte 11 | 6026 Rain | Switzerland | +41 41 255 25 25 | info@jennyscience.ch | https://www.jennyscience.ch | Sales contact",https://www.jennyscience.com/de,Linearmotorachsen & Servocontroller | Jenny Science,"Kompakte Linearmotorachsen und Servocontroller für präzise Automationssysteme. Von Jenny Science für Laborautomation, Elektronikfertigung und Maschinenbau.","Linearmotoren, Linearmotorachsen und Servocontroller für präzise Automation | Was ist ein Linearmotor? | Vorteile von Linearmotoren und Direktantrieben in automatisierten Maschinen | Kompakte Linearmotorachsen für maximale Dynamik | Linearmotorachsen modular kombinieren – vom Einzelantrieb zum Automationssystem | Wartungsarme Direktantriebe mit integrierter Forceteq-Kraftmessung | Linearmotorachsen, Drehachsen und Servocontroller – Lösungen im Überblick | LINAX® Linearmotorachsen für präzise Automationssysteme",https://www.jennyscience.com/de/ueber-uns,Jenny Science AG – Linearmotoren für smarte Automation,Warum Jenny Science AG? Schweizer Hersteller für Linearmotoren & Hohlwellenmotoren – präzise Lösungen für Industrie 4.0-Automatisierung.,Jenny Science AG | Die Kunst der Bewegung | AUSZUG KUNDENPORTFOLIO,46,A,optical_components,"automation, machining, manufacturing, measuring, optical components, optics, production, ultraprecision",,priority_europe,6,"Discuss component-level visual inspection for lenses, prisms, mirrors, windows, micro-optics, and precision optical assemblies.",
Exhibitor,K & Y Diamond Ltd.,Canada,H9B 2M9,Dollard-Des-Ormeaux,,https://www.kydiamond.ca,Hall 3.0 - Stand 410,https://www.optatec-messe.de/en/Exhibitor-Index/57460-k-%2526-y-diamond-ltd,sales@kydiamond.ca,+1 513 675 0640,manufacturer_target,Exhibitor details of:  K & Y Diamond Ltd.,"Optatec Internationale Fachmesse für optische Technologien, Komponenten und Systeme","Optical components and materials | Special optics | Photovoltaic components and assemblies | Micro-structuring | Machining | Ultraprecision machining | Diamond turning | K & Y Diamond Ltd. | 20. March 2026 | Stop by to meet our new European agent Andreas Kuchler with AKR Optix | We look forward to another successful exhibition in Frankfurt! | Please stop by to meet our new commercial partner Andreas Kuchler with AKR Optix. He is representing K&Y in Europe, the United Kingdom, Turkey, the Middle East, and Israel. | K&Y Diamond provides premium diamond tooling | ...more | My day at the fair | Request an exhibitor appointment | More information | Ms. | Mr. | First name* | Surname* | Desired date | E-Mail* | Message",https://kydiamond.ca/,Home - K&Y Diamond,"K&Y new modern high-tech facility completed in 2018 Click here to view K&Y new modern high-tech facility completed in 2018 Over 50 years of combined diamond cutting experience acquired in Germany and Switzerland has put K&Y Diamond at the forefront of today’s precision diamond technology. In fact, unmatched expertise in the field uniquely qualifies K&Y […]","Contact lenses / IOL's | Electro optics | Spectacle lens tools | Jewelry / watch making | PCD & CBN tools | Diamond tool care | K&Y new modern high-tech facility completed in 2018 | Over 50 years of combined diamond cutting experience acquired in Germany and Switzerland has put K&Y Diamond at the forefront of today’s precision diamond technology. In fact, unmatched expertise in the field uniquely qualifies K&Y to perform some of the industry’s most specialized tasks.",https://kydiamond.ca/about/,About - K&Y Diamond,We turn precision technology into industrial artistry and clever engineering for all of our customers. K&Y Diamond is an ultra-precision diamond tool manufacturer recognized worldwide. We combine more than 50 years of expertise with cutting edge technology to provide our customers with the best quality tools available. Our strength lies in our optimal manufacturing processes. […],We turn precision technology into industrial artistry and clever engineering for all of our customers.,46,A,optical_components,"cutting, diamond turning, lens, lenses, machining, manufacturing, optical components, optics, ultraprecision",,,0,"Discuss component-level visual inspection for lenses, prisms, mirrors, windows, micro-optics, and precision optical assemblies.",
Exhibitor,EVOCHEM Advanced Materials GmbH,Germany,63073,Offenbach am Main,,https://www.evo-chem.de,Hall 3.0 - Stand 504,https://www.optatec-messe.de/en/Exhibitor-Index/58206-evochem-advanced-materials-gmbh,info@evo-chem.de,+49 69 9864604-0,manufacturer_target,Exhibitor details of:  EVOCHEM Advanced Materials GmbH,"Optatec Internationale Fachmesse für optische Technologien, Komponenten und Systeme","Optical components and materials | Optical materials, general | Optical coatings | Metallic coatings | Laser coatings | Thin-film technology | Applications and processes for the production of optical thin films | Vacuum/high-vacuum technology | EVOCHEM Advanced Materials GmbH | Heinrich Krumm Strasse 20 | 63073 Offenbach am Main | Germany | +49 69 9864604-0 | +49 69 9864604-15 | info@evo-chem.de | https://www.evo-chem.de | Visit EVOCHEM Advanced Materials GmbH on the Optatec 2026 | Calendar appointment",https://www.evo-chem.de/,"Sputtering Targets, Aufdampfmaterialien, PVD-Zubehöre, hydrophobe Materialien | EVOCHEM",Entdecken Sie unsere umfangreiche Auswahl an Dünnschichtmaterialien für jede Anwendung! Von 60 verschiedenen Aufdampfmaterialien über PVD-Verbrauchsmaterialien bis hin zu Sputter Targets – finden Sie die perfekte Lösung für Ihre Projekte. Besuchen Sie uns und erfahren Sie mehr über unsere innovative hydrophobe Produktlinie!,EU Verordnung bzgl. C9-C14 PFCA | Sputter Targets | Aufdampfmaterialien - Oxide | Wolframfilamente | Aufdampfmaterialien | Hochreine Metalle | Next Level Top Coats | PVD-Materialien - Ihr zuverlässiger Lieferant,https://www.evo-chem.de/unternehmen,"Dünnschichtmaterialien, Sputter Targets, Aufdampfmaterialien | EVOCHEM","Dünnschichtmaterialien für alle Anwendungen, hochreine Metalle",EU Verordnung bzgl. C9-C14 PFCA | Sputter Targets | Aufdampfmaterialien - Oxide | Wolframfilamente | Aufdampfmaterialien | Hochreine Metalle | Next Level Top Coats | Zwei Produktbereiche - Ihr Vorteil,45,A,optical_coatings_or_filters,"coatings, laser, manufacturing, optical components, optical materials, production, thin-film technology, vacuum technology",,priority_europe,6,"Discuss defect detection and surface inspection for optical coatings, filters, mirrors, and coated components.",
Exhibitor,EKSMA Optics,Lithuania,LT-10233,Vilnius,,https://www.eksmaoptics.com,Hall 3.0 - Stand 307-3,https://www.optatec-messe.de/en/Exhibitor-Index/80838-eksma-optics,info@eksmaoptics.com,+370 5272 9900,manufacturer_target,Exhibitor details of:  EKSMA Optics,"Optatec Internationale Fachmesse für optische Technologien, Komponenten und Systeme","Optical components and materials | Optical components | Round optics, spherical and aspheric lenses | Optical coatings | Laser system components | Laser mirrors | 06. May 2026 from 9:40 to 10:20 Clock | Precision at the Source: Pockels Cells — from Military Targeting to Directed Energy | EKSMA Optics | Mr. M.Sc. Aleksej Janusko | hall 3.0 booth 625 | FORUM | Calendar appointment | My day at the fair | More information | EKSMA Optics | Dvarcioniu st. 2B | LT-10233 Vilnius | Lithuania | +370 5272 9900 | +370 5272 9299 | info@eksmaoptics.com | https://www.eksmaoptics.com | Sales contact",https://eksmaoptics.com/,EKSMA Optics,"EKSMA Optics is a manufacturer and global supplier of precision optical components, opto-mechanics, nonlinear and laser crystals, electro-optical Pockels cells.",Optical Components | Nonlinear and Laser Crystals | Electro-Optics and Laser Electronics | Other products categories | About us | ARE YOU SURE YOU WANT TO REMOVE THIS ITEM? | AR TIKRAI NORITE IŠTRINTI ADRESĄ?,https://eksmaoptics.com/about-us/,About Us | EKSMA Optics,"Manufacturer and global supplier of precision optical components, Pockels cells, laser windows, pulse-picking and Q-Switching Kits, opto-mechanics, nonlinear and laser crystals.",About Us | EKSMA Optics is ISO 9001:2015 certified. Certification issued by Bureau Veritas. | EKSMA Optics is ISO 14001:2015 certified. Certification issued by Bureau Veritas. | ARE YOU SURE YOU WANT TO REMOVE THIS ITEM? | AR TIKRAI NORITE IŠTRINTI ADRESĄ?,44,A,optical_coatings_or_filters,"aspheric, coatings, laser, lenses, optical components, optics, spherical",,priority_europe,6,"Discuss defect detection and surface inspection for optical coatings, filters, mirrors, and coated components.",
