Card ID,Card Name,Card URL,Card Description,Labels,Members,Due Date,Attachment Count,Attachment Links,Checklist Item Total Count,Checklist Item Completed Count,Vote Count,Comment Count,Last Activity Date,List ID,List Name,Board ID,Board Name,Archived,Start Date,Due Complete,Due Reminder,Priority,Lead Source,Type,Industry,Product,Region,Country,Website,Date Entered,Last Update,Folder ID,Company Address
69d77d10967875326f8159e4,Penguin Solutions,https://trello.com/c/ALwQuI9G/133-penguin-solutions,"

 https://docs.google.com/document/d/1JXzJPpc3D7Q7cNUf2uCcRAqZtFqSH3Tc92aIs-ukclA/edit?usp=drivesdk

 https://docs.google.com/document/d/11ZELVWonLhcCbP3ybWyKJMESuDhNAQjmF9miBNVYlU0/edit?usp=drivesdk

 https://docs.google.com/spreadsheets/d/1IL3AQBPz6yT3aW5S_m9gukLaXBQikqrl/edit?usp=drivesdk&ouid=116010381325522652316&rtpof=true&sd=true

 https://drive.google.com/file/d/1KowQHC8NvPlfqQBRjb5vzGjY3n-Axuws/view?usp=drivesdk

 https://docs.google.com/spreadsheets/d/1jNAx2YBbbgJTA6273IZgHAZsufTvCES2/edit?usp=drivesdk&ouid=116010381325522652316&rtpof=true&sd=true

 https://docs.google.com/spreadsheets/d/1S-eUmTFMyDVNzOLuFUJL64ZpZPxROjFv/edit?usp=drivesdk&ouid=116010381325522652316&rtpof=true&sd=true

 https://docs.google.com/document/d/1lpe8nGfh-lusLBTbCTqNX_cTaOGKuoiCZfqQJzjOXIE/edit?usp=drivesdk

 https://drive.google.com/file/d/1aqDDT6Bt9UvJMD6noXmw3ay128vgNYxQ/view?usp=drivesdk

 https://drive.google.com/file/d/1_Gpmp06_em_DPc3U7Aa0IdisuiLbJT4k/view?usp=drivesdk

 https://docs.google.com/document/d/1MWphHKvWIkPXRi-8lYrg3aOGdZ_7Ccj9/edit?usp=drivesdk&ouid=116010381325522652316&rtpof=true&sd=true",,mikekurzewski,,4,"https://trello.com/c/XYy2fI6Y, https://trello.com/c/NtoCWJIC, https://drive.google.com/drive/folders/1ds9FqJlw9usooVpd6NAZSrzl3WslOfdx, https://trello.com/c/XjNoknJu",1,0,0,6,2026-04-15T08:55:33.950Z,68e34f50a91f300b0feee137,Info Gathering,68e34f50a91f300b0feee13c,Accounts,false,,false,,,Website,Metrology,Other,,,,penguinsolutions.com,2026-04-08T04:00:00.000Z,2026-04-15T07:13:38.000Z,1ds9FqJlw9usooVpd6NAZSrzl3WslOfdx,
69dde8f46ad27701178bb63a,Relaxo Footwear,https://trello.com/c/foeNk5Nc/132-relaxo-footwear,"

 https://docs.google.com/document/d/1jclwGh9h5bjkFAvUuPGKaxDZ3-t3M1qonm2hy53WOzY/edit?usp=drivesdk

 https://docs.google.com/document/d/1I-gf_0vdXROncMVBn2yNYlwjvax-1ckV_ok8sxPFXmE/edit?usp=drivesdk

 https://docs.google.com/spreadsheets/d/1N2DTmb4SaU4XVjwa7_D-cTO414-nQgPx/edit?usp=drivesdk&ouid=116010381325522652316&rtpof=true&sd=true

 https://drive.google.com/file/d/14-EfafvAcFC5sOVnerIX9E97zBgOvQjP/view?usp=drivesdk

 https://docs.google.com/spreadsheets/d/1bWWpdBcZ0s3waKAoNG__Cu9ZnHUbItqp/edit?usp=drivesdk&ouid=116010381325522652316&rtpof=true&sd=true

 https://docs.google.com/spreadsheets/d/1JqdCbTBLZhbamzHzKA7ErJOtctAn0v0p/edit?usp=drivesdk&ouid=116010381325522652316&rtpof=true&sd=true

 https://docs.google.com/document/d/1hSu6SSnuTF8o_u0LZQB68SzV9P54emv3ChLhug_cTjA/edit?usp=drivesdk

 https://drive.google.com/file/d/1vCOwD1RXev4_zYjyrr8FQu9FvUMkDPlh/view?usp=drivesdk

 https://drive.google.com/file/d/1hYdsSxnKkXtkSJMKW_p_yD3JFielIbgj/view?usp=drivesdk

 https://docs.google.com/document/d/1EUKjV8Mxi7LO0sTLPH-ZmEzccZ429_vA/edit?usp=drivesdk&ouid=116010381325522652316&rtpof=true&sd=true",,princess_xandra,,3,"https://trello.com/c/sughwhfb, https://trello.com/c/hJaEabYr, https://drive.google.com/drive/folders/1N7LDAIebuNblrUPcw7o9ls_ij3lHyfKY",0,0,0,8,2026-04-15T08:55:39.184Z,68e34f50a91f300b0feee137,Info Gathering,68e34f50a91f300b0feee13c,Accounts,false,,false,,,Website,Manufacturer,Consumer Goods,Shoes,Asia,India,https://relaxofootwear.com,2026-04-15T04:00:00.000Z,2026-04-14T07:47:41.000Z,1N7LDAIebuNblrUPcw7o9ls_ij3lHyfKY,"Aggarwal City Square, Plot No. 10, Manglam Place, District Centre, Sector-3, Rohini, Delhi - 110085, India"
69d8abd8aac2739c80ac5c7f,Shoe Premier II,https://trello.com/c/vCGU61tj/130-shoe-premier-ii,"

 https://docs.google.com/spreadsheets/d/1lG_I-5GSHaErPRJET3WnI-93kzNJt97Z/edit?usp=drivesdk&ouid=116010381325522652316&rtpof=true&sd=true

 https://docs.google.com/document/d/1YLEHcTK_grhBulszdAu-WmczgNY468huT16RPeTQiQY/edit?usp=drivesdk

 https://docs.google.com/document/d/1M55Rrv06lwwU9WmK5edkl-yCI6p8vemjfDigYSeETFM/edit?usp=drivesdk

 https://drive.google.com/file/d/1X3XfbQanOSO5BJCTWm3VEh4GpHaRvDCb/view?usp=drivesdk

 https://docs.google.com/spreadsheets/d/1zoWYojJS70Dbi1hrRkNZqLqxOeXsZcnx/edit?usp=drivesdk&ouid=116010381325522652316&rtpof=true&sd=true

 https://docs.google.com/spreadsheets/d/1GZt9MV7HgM8-UTbx49e_mGb2xWXz2qHc/edit?usp=drivesdk&ouid=116010381325522652316&rtpof=true&sd=true

 https://docs.google.com/document/d/1DUSnD9ysvvYDk8ns8gVZY-lJfOVSgLhe/edit?usp=drivesdk&ouid=116010381325522652316&rtpof=true&sd=true

 https://drive.google.com/file/d/1ec6ahDj-fDrfxVluGONeQQlnhu-ysN7W/view?usp=drivesdk

 https://drive.google.com/file/d/13_1mD9N_tfQ-hPoooDSA1uq_F2QEHl7G/view?usp=drivesdk

 https://docs.google.com/document/d/1JtS37lHuHcH-Vhx0w43nrS_TyjNoMXqI/edit?usp=drivesdk&ouid=116010381325522652316&rtpof=true&sd=true",,princess_xandra,,3,"https://trello.com/c/6Ceam7my/168-jerry-xu, https://drive.google.com/drive/folders/1pIqCfyA7wIkOK8RCdCEsElB4w20LIfZ5, https://trello.com/c/PrZXJM6G",1,0,0,7,2026-04-15T08:55:44.439Z,68e34f50a91f300b0feee137,Info Gathering,68e34f50a91f300b0feee13c,Accounts,false,,false,,,Website,Manufacturer,Consumer Goods,Shoes,Asia,Cambodia,https://shoepremier.com/,2026-04-10T04:00:00.000Z,2026-04-10T07:54:00.000Z,1pIqCfyA7wIkOK8RCdCEsElB4w20LIfZ5,"New (St.), Sangkat Toul Sangke, 12105 Phnom Penh, Cambodia"
6984587bd3838bb85af0ed93,TMC Srl,https://trello.com/c/rWpYGc5Y/117-tmc-srl,"

 https://docs.google.com/spreadsheets/d/1MTWVlZQWnMKFZrHEGL8kHLcx2S_8SIDH/edit?usp=drivesdk&ouid=116010381325522652316&rtpof=true&sd=true

 https://docs.google.com/document/d/1fBfgDpn9DK-pH3p0R-N7xe1I0F8OqGOvjYIK3Mrci5s/edit?usp=drivesdk

 https://docs.google.com/document/d/1lcMS2_vaPWLf_Sy3uIZy59lLOQcVqL9sh1H7Kp4bDtc/edit?usp=drivesdk

 https://docs.google.com/document/d/1n8IyropATMx5_E5U0nCGNE_06X9jC_G9/edit?usp=drivesdk&ouid=116010381325522652316&rtpof=true&sd=true

 https://drive.google.com/file/d/144KTIbyMfmwoVdTHsujEwUOkeL2qFJD3/view?usp=drivesdk

 https://drive.google.com/file/d/1TMvqL_dcBL7R3yoDN7olQYMSVfjRHyyx/view?usp=drivesdk

 https://docs.google.com/document/d/1lFuzVIJ9uG8o0_WM7XCo8HpJ_Dh_8r9v/edit?usp=drivesdk&ouid=116010381325522652316&rtpof=true&sd=true

 https://docs.google.com/spreadsheets/d/1ML-MXCPAwx8cG3_6v9pPKBlp0z5STRNa/edit?usp=drivesdk&ouid=116010381325522652316&rtpof=true&sd=true

 https://docs.google.com/spreadsheets/d/1hxBYtCSpu82SQ5PEymjPS6N_6bFu-lqE/edit?usp=drivesdk&ouid=116010381325522652316&rtpof=true&sd=true",,meister_wilhelm,,5,"https://trello.com/c/ePeSJEGv, https://drive.google.com/drive/folders/1Rem-dxPXC7LRHn-5Uiyv_n5E_hyvfhWe, https://trello.com/c/4Twp6xB7, https://trello.com/c/RqKYJwQT, https://trello.com/c/oY4ZZyXK",3,2,0,18,2026-04-13T08:47:36.545Z,68e34f50a91f300b0feee137,Info Gathering,68e34f50a91f300b0feee13c,Accounts,false,,false,,Medium,Website,Manufacturer,Consumer Goods,Shoes,Europe,Italy,https://www.tmconline.it/,2026-02-05T04:00:00.000Z,2026-04-13T08:47:36.000Z,1Rem-dxPXC7LRHn-5Uiyv_n5E_hyvfhWe,
6982615893fc84df34126532,Disco Europe,https://trello.com/c/K06BH0nh/116-disco-europe,"

 https://docs.google.com/spreadsheets/d/1nfjyIMip-6T0uX8rtxhwWsGTGawX4WGz/edit?usp=drivesdk&ouid=116010381325522652316&rtpof=true&sd=true

 https://docs.google.com/document/d/1HtVLo6pTezOyQa8psTA6I4yGZNo-qPAQXmhIQV32sTw/edit?usp=drivesdk

 https://docs.google.com/document/d/14DO5LuCpA0PE5hv5nGbSUCS0295TS0mwftvxImgqltc/edit?usp=drivesdk

 https://docs.google.com/document/d/1u67y4OBrcFDBrUTIV6Wlj58QPwaf8KJU/edit?usp=drivesdk&ouid=116010381325522652316&rtpof=true&sd=true

 https://drive.google.com/file/d/1RJWlBBnPhBC2LUoTK-WyeC9uGi8Ttcn0/view?usp=drivesdk

 https://drive.google.com/file/d/1L1GFO5MxKlh7cB0l621vv-XiMMJAfSKo/view?usp=drivesdk

 https://docs.google.com/document/d/1jnyr1MSxkdetRlvPfAoUeLk3GhTsqdrD/edit?usp=drivesdk&ouid=116010381325522652316&rtpof=true&sd=true

 https://docs.google.com/spreadsheets/d/1N2iMVra6drg_mV3eYYjsE_faBwcFiOWq/edit?usp=drivesdk&ouid=116010381325522652316&rtpof=true&sd=true

 https://docs.google.com/spreadsheets/d/1AIWrY1B8iXx7l_V0IRPnoa9eeZCm3jzR/edit?usp=drivesdk&ouid=116010381325522652316&rtpof=true&sd=true",,meister_wilhelm,,4,"https://trello.com/c/JAgC5Fel/136-tzanimir-arguirov, https://drive.google.com/drive/folders/1SUclk7X12Z_tGMQN86_0Pqd-aAwBWmJ0, https://trello.com/c/9SIjmAl1, https://trello.com/c/QaYlfVmZ",1,0,0,20,2026-04-13T14:57:13.370Z,68e34f50a91f300b0feee137,Info Gathering,68e34f50a91f300b0feee13c,Accounts,false,,false,,High,Apollo,Manufacturer,,Machines,Europe,Germany,https://www.disco.co.jp/eg/index.html,,2026-04-13T14:57:13.000Z,1SUclk7X12Z_tGMQN86_0Pqd-aAwBWmJ0,
69c34ae3502304f75b7589d0,VTC Steam Education Center,https://trello.com/c/pky1Kw4W/129-vtc-steam-education-center,"

 https://docs.google.com/spreadsheets/d/1xRgMsRynEZOQn_fhQ8aUqPkIzVhlTgPr/edit?usp=drivesdk&ouid=116010381325522652316&rtpof=true&sd=true

 https://docs.google.com/document/d/1nRBP5eQicCygybZfNmOHj1ADnMvI42bO7hCvLhYYnLw/edit?usp=drivesdk

 https://docs.google.com/document/d/1uXqstWizMVNL0uoGiJSf3GR1qFM5Od_qyMhRJGFs82E/edit?usp=drivesdk

 https://docs.google.com/spreadsheets/d/1NZPuOA-u7l3yWB-evzqxwoEti6i0KL2K/edit?usp=drivesdk&ouid=116010381325522652316&rtpof=true&sd=true

 https://docs.google.com/spreadsheets/d/1Q9agwpfHQq57UtLmzcUM1QNHRxLAfiEp/edit?usp=drivesdk&ouid=116010381325522652316&rtpof=true&sd=true

 https://docs.google.com/document/d/1p9JeX1_sKKppO-DQiKFIsxBfG6qtmaJ7/edit?usp=drivesdk&ouid=116010381325522652316&rtpof=true&sd=true

 https://drive.google.com/file/d/1hwDVt6Nt6YU84bTqK3aP1Pt0jqT0Nx92/view?usp=drivesdk

 https://drive.google.com/file/d/1jKVaZDlB_mvx5MV2ZCvNeOIoJLL33Wc9/view?usp=drivesdk

 https://docs.google.com/document/d/1G_ojGY-T3lPv61m27I5bYdBU6BWo6QXC/edit?usp=drivesdk&ouid=116010381325522652316&rtpof=true&sd=true",,mikekurzewski,,7,"https://trello.com/1/cards/69c34ae3502304f75b7589d0/attachments/69c34b347fc7aead9a65132a/download/image.png, https://drive.google.com/drive/folders/1E2KllUQatuqaPN1d0kK8dKU_4iLapcgD, https://trello.com/c/08QAtmjC, https://trello.com/c/gkm3bO5H, https://trello.com/c/x9Oktrdt, https://trello.com/c/pMLBMYFe, https://trello.com/c/7ClgUg2B",3,1,0,15,2026-04-15T06:25:54.786Z,68e34f50a91f300b0feee137,Info Gathering,68e34f50a91f300b0feee13c,Accounts,false,,false,,,Events,,Other,,Asia,Hong Kong,https://sci.vtc.edu.hk/en/steam-education,2026-03-25T04:00:00.000Z,2026-04-15T05:45:07.000Z,1E2KllUQatuqaPN1d0kK8dKU_4iLapcgD,
69ca5d3f61259a49b8ded20d,MV Center,https://trello.com/c/2DUmLw8t/128-mv-center,"

 https://docs.google.com/spreadsheets/d/1w9BtugN2UOprgpPUF8j7kF-4hHDfAqj5/edit?usp=drivesdk&ouid=116010381325522652316&rtpof=true&sd=true

 https://docs.google.com/document/d/16VJauFan8sm6jIt2sGECFB23Iqs-XbHyxIc3q3etpYo/edit?usp=drivesdk

 https://docs.google.com/document/d/14goJkRWQfM9lZ7hzk3cVzdQ_dSYTJndDFRNbu_7b9-M/edit?usp=drivesdk

 https://docs.google.com/spreadsheets/d/1hHhckiZQAVAuSDMmlzYey-q12O5o1hv0/edit?usp=drivesdk&ouid=116010381325522652316&rtpof=true&sd=true

 https://docs.google.com/spreadsheets/d/13qDRFqvYIxuhSuTALSlDwsyDLsGLfcwF/edit?usp=drivesdk&ouid=116010381325522652316&rtpof=true&sd=true

 https://docs.google.com/document/d/1WTu4JDzgxH2X5uHY_9BtGJni0khFCE0m/edit?usp=drivesdk&ouid=116010381325522652316&rtpof=true&sd=true

 https://drive.google.com/file/d/1_9hZjqlw6GlMWUW3q7pp4IsPP8Ee8zlZ/view?usp=drivesdk

 https://drive.google.com/file/d/1CQVeDwNCAoxSzd_3OWjgYusnZ_TDGr0g/view?usp=drivesdk

 https://docs.google.com/document/d/1gqVtTyY-A0YUiLx9JH0BS6O5wui8Q6b6/edit?usp=drivesdk&ouid=116010381325522652316&rtpof=true&sd=true",,,,4,"https://drive.google.com/drive/folders/1MSvD_VIg458gA1QGFoT6xS-nFxCMSOce, https://trello.com/c/fScxFjoM, https://trello.com/c/5mozkP5q, https://trello.com/c/aSLsPSqX",2,0,0,10,2026-04-15T09:29:59.692Z,68e34f50a91f300b0feee137,Info Gathering,68e34f50a91f300b0feee13c,Accounts,false,,false,,,Linkedin,Metrology,Textile,Mattress & Labels,Europe,Poland,,2026-03-30T04:00:00.000Z,2026-04-15T09:29:59.000Z,1MSvD_VIg458gA1QGFoT6xS-nFxCMSOce,
69ba4aa122d6e9be9cae25da,ON Running Korea,https://trello.com/c/pirO0ZYb/127-on-running-korea,"Jae-hwi Pak
Quality Manager at ON Running South Korea
LightSpray Project
Email: jae-hwi.pak@on-running.com

 https://docs.google.com/spreadsheets/d/1VRBG5pR4V8ttU5uZuqvBFravIMcwIwkK/edit?usp=drivesdk&ouid=116010381325522652316&rtpof=true&sd=true

 https://docs.google.com/document/d/1uuwgzWUGx4mr7J8dyCRbdeQJaYgUotu3dhQOUJkVJNI/edit?usp=drivesdk

 https://docs.google.com/document/d/1-1VxA0s8FdaN2J4yZJoT8_DL9ot8Pq_VgTcJfya5-HQ/edit?usp=drivesdk

 https://docs.google.com/spreadsheets/d/1kKy0IPFvgpQMRYu8i_EfiqB6HuhAQZiT/edit?usp=drivesdk&ouid=116010381325522652316&rtpof=true&sd=true

 https://docs.google.com/spreadsheets/d/1WwAgqNdouHMf4dJ5uPjGEZAY53tHKe0D/edit?usp=drivesdk&ouid=116010381325522652316&rtpof=true&sd=true

 https://docs.google.com/document/d/1MDhOxoydEOezDCV8miaviAfAkY2BaFyX/edit?usp=drivesdk&ouid=116010381325522652316&rtpof=true&sd=true

 https://drive.google.com/file/d/15LGjaDJSR8bW9UFVP_aYOHv1SQHzjWYO/view?usp=drivesdk

 https://drive.google.com/file/d/14FsXoO6swfn369tTAXEKgkyBpWAIX416/view?usp=drivesdk

 https://docs.google.com/document/d/1IjRkBEd6hoWJdohVehCy6h-01OS2IeEQ/edit?usp=drivesdk&ouid=116010381325522652316&rtpof=true&sd=true",,katiedang_fairy,,5,"https://drive.google.com/drive/folders/136dsiT3EwGLpR8jGBvMWIQPq8EBJ1KM0, https://trello.com/c/My1A8OIH, https://trello.com/c/5aLRDlN1, https://trello.com/c/PyrWDwZS, https://trello.com/c/ISvUvKxg",2,0,0,10,2026-04-15T05:24:42.756Z,68e34f50a91f300b0feee137,Info Gathering,68e34f50a91f300b0feee13c,Accounts,false,,false,,,Referral,Manufacturer,Consumer Goods,LightSpray Shoes,Asia,South Korea,,,2026-04-15T05:24:42.000Z,136dsiT3EwGLpR8jGBvMWIQPq8EBJ1KM0,
697b17fa46b1f976e61df49d,Standard Industries,https://trello.com/c/es5808hj/123-standard-industries,Devon Keane from Standard Industries,,meister_wilhelm,,1,https://trello.com/c/EoXWUyX2/135-devon-keane,0,0,0,4,2026-03-25T11:11:30.049Z,68e34f50a91f300b0feee137,Info Gathering,68e34f50a91f300b0feee13c,Accounts,false,,false,,High,Apollo,Manufacturer,Composites,Roof Shingles & Beyond,North America,USA,https://www.standardindustries.com,2026-01-29T11:00:00.000Z,2026-03-05T08:46:30.000Z,,https://www.standardindustries.com
698ef474bf9da165d93e4003,Avery Dennison Ventures,https://trello.com/c/wuFnaKQ3/122-avery-dennison-ventures,"

 https://docs.google.com/spreadsheets/d/1LCzW94nuYed1w8rCChXhUw1su_OpwuFC/edit?usp=drivesdk&ouid=116010381325522652316&rtpof=true&sd=true

 https://docs.google.com/document/d/1W75gASVZeKB0Al7VBf3JOXL0DVmKCPUdMehMgqwNRI4/edit?usp=drivesdk

 https://docs.google.com/document/d/1pOO9cYe5dMa30KERsvmfxyOzaQOC3hDbDpHyPwdBrX8/edit?usp=drivesdk

 https://docs.google.com/spreadsheets/d/1PQzGWM8wtjYYug7r25wBhZXNyrXjnVpc/edit?usp=drivesdk&ouid=116010381325522652316&rtpof=true&sd=true

 https://docs.google.com/spreadsheets/d/1AbSsFNBczHmXiJHoxZJGpohzWBXjZurD/edit?usp=drivesdk&ouid=116010381325522652316&rtpof=true&sd=true

 https://docs.google.com/document/d/1YTQK0b-osPaEC3dw6NdCoCXHKGbUgd83/edit?usp=drivesdk&ouid=116010381325522652316&rtpof=true&sd=true

 https://drive.google.com/file/d/1-MsnyKk1dRg64v9CaNg_QcZAt-s8FfdA/view?usp=drivesdk

 https://drive.google.com/file/d/1IGzk7ZQmnjqYvVpxqv_FhNgYiONdu6Y5/view?usp=drivesdk

 https://docs.google.com/document/d/1_gUIrprEW02YxCQzaSmk0b-zcbGmVZUh/edit?usp=drivesdk&ouid=116010381325522652316&rtpof=true&sd=true",,meister_wilhelm,,2,"https://drive.google.com/drive/folders/15XNug-2FqssL_ojrI07ArbDl1OXNR80p, https://trello.com/c/670l7yVn",0,0,0,5,2026-04-09T11:11:49.594Z,68e34f50a91f300b0feee137,Info Gathering,68e34f50a91f300b0feee13c,Accounts,false,,false,,Medium,Website,Manufacturer,Other,various,North America,USA,https://averydennison.com/en/home/industries/apparel-branding-and-solutions.html,,2026-04-09T11:11:49.000Z,15XNug-2FqssL_ojrI07ArbDl1OXNR80p,"8080 Norton ParkwayMentor, Ohio 44060"
698bf55ae2968d4b27f97a2a,World Glass,https://trello.com/c/iIDmYBrm/119-world-glass,"

 https://docs.google.com/spreadsheets/d/18J7vkBa0SntprJ4SPJG9_JlJ2U2ohRG8/edit?usp=drivesdk&ouid=116010381325522652316&rtpof=true&sd=true

 https://docs.google.com/document/d/1mqz1nF-VDNrPx7EJCb8PTK6IvSqWtgO2z3euch7UZRs/edit?usp=drivesdk

 https://docs.google.com/document/d/13TIc7SErQmG4J3BiNna3eKEtfpe465aaWO6Akr4QTz8/edit?usp=drivesdk

 https://docs.google.com/document/d/1mHSiMfiyn1fIqvJNPB4cEs-0fFEDRtk6/edit?usp=drivesdk&ouid=116010381325522652316&rtpof=true&sd=true

 https://drive.google.com/file/d/1ZH_p24LyyaSRpC3WXnN2-MlJMrjgi3Il/view?usp=drivesdk

 https://drive.google.com/file/d/1wueJzMf2rdEqyePMZoMd2IW2uez93gy4/view?usp=drivesdk

 https://docs.google.com/document/d/1AEtBVCZyvkxnfuq4KCMB-vHhBODguTJp/edit?usp=drivesdk&ouid=116010381325522652316&rtpof=true&sd=true

 https://docs.google.com/spreadsheets/d/1mJGdwDm5VEnHNmHJFe5jsUAo67bk9s6r/edit?usp=drivesdk&ouid=116010381325522652316&rtpof=true&sd=true

 https://docs.google.com/spreadsheets/d/13m3LXxTEegYFMtYjxrTCr-i4wkNkJOGy/edit?usp=drivesdk&ouid=116010381325522652316&rtpof=true&sd=true",,meister_wilhelm,,2,"https://trello.com/c/pPXjGy0m, https://drive.google.com/drive/folders/1Uhi8LkXMO8luuVFsoET7Lc4RB0OsTXxX",0,0,0,7,2026-04-02T07:59:24.737Z,68e34f50a91f300b0feee137,Info Gathering,68e34f50a91f300b0feee13c,Accounts,false,,false,,High,Apollo,Manufacturer,Glass & Optics,,Europe,Serbia,http://www.worldglass.rs/,2026-02-10T04:00:00.000Z,2026-04-02T07:59:24.000Z,1Uhi8LkXMO8luuVFsoET7Lc4RB0OsTXxX,
697b1a0a4856ac76401dfbb8,Dontech,https://trello.com/c/f7Sd37gr/113-dontech,"

 https://docs.google.com/spreadsheets/d/1hNzcCENYmp38Uyt0622ToozNJDY1_bgT/edit?usp=drivesdk&ouid=116010381325522652316&rtpof=true&sd=true

 https://docs.google.com/document/d/1epp2fqNi2wuoGSLbGDU_x61Nb8Hqu0Fa1f00o6zgOqM/edit?usp=drivesdk

 https://docs.google.com/document/d/1nSxGmxu229yCPqUagXvkKb0v4oZ0Xtiuu2lsJXAaqtI/edit?usp=drivesdk

 https://docs.google.com/document/d/1C6sT-2FgBFDjws4D8wMksgvsnbXIef9v/edit?usp=drivesdk&ouid=116010381325522652316&rtpof=true&sd=true

 https://drive.google.com/file/d/1k1EJ9vwL4lEDswdXatrk6LEAqgbLthKz/view?usp=drivesdk

 https://drive.google.com/file/d/10YQwecVWbeDrWxXVfi71jGhCB5TVSuzo/view?usp=drivesdk

 https://docs.google.com/document/d/1eNRzuW4gaVZqhxyDGPuvKCk0t608OD_-/edit?usp=drivesdk&ouid=116010381325522652316&rtpof=true&sd=true

 https://docs.google.com/spreadsheets/d/1bdDn0UkV7Z6232BmEWqaL5bH1YLlQLrY/edit?usp=drivesdk&ouid=116010381325522652316&rtpof=true&sd=true

 https://docs.google.com/spreadsheets/d/1JlT1L7Q9IvzdflmRARiA0tLDvYZn9Kro/edit?usp=drivesdk&ouid=116010381325522652316&rtpof=true&sd=true",,princess_xandra,,3,"https://trello.com/c/OeA4jcJh/129-kade-jetland, https://drive.google.com/drive/folders/1CoQ9jLPzNkcZkSABOclZgbMpvJLtdLU9, https://trello.com/c/49YuY9Iu",2,1,0,16,2026-04-15T06:44:31.639Z,68e34f50a91f300b0feee137,Info Gathering,68e34f50a91f300b0feee13c,Accounts,false,,false,,Medium,Website,Manufacturer,Consumer Goods,Optical Films,North America,United States,https://dontech.com/optical-coating-film-manufacturer/,2026-01-30T15:00:00.000Z,2026-04-15T06:44:31.000Z,1CoQ9jLPzNkcZkSABOclZgbMpvJLtdLU9,
6966666dd8598cf5fd59cef9,Werth Messtechnik,https://trello.com/c/h8Mimy2O/107-werth-messtechnik,We are in touch with Werth Messtechnik following an inital contact at the Inspekto Expo in Germany. They are interested in testing ZELIA,,meister_wilhelm,,2,"https://trello.com/c/sqierZFg/154-frederic-ballach, https://trello.com/c/fIEX5Y6c",1,0,0,11,2026-04-15T06:53:16.027Z,68e34f50a91f300b0feee137,Info Gathering,68e34f50a91f300b0feee13c,Accounts,false,,false,,,Events,Manufacturer,Other,Machines Manufacturing,Europe,Germany,https://www.werth.de/en/index.html,,2026-04-15T06:52:33.000Z,,
691d2699d643caa1b41441fe,Ballestra,https://trello.com/c/2VAHdgJg/101-ballestra,,,"meister_wilhelm, princess_xandra",,5,"https://trello.com/c/KfVjPp1T, https://drive.google.com/drive/folders/1evUPW_qwLFETIQEGWXJkSSOM-G5vS1Aa?usp=drive_link, https://trello.com/c/jfLGpLMi, https://trello.com/1/cards/691d2699d643caa1b41441fe/attachments/699f490b7bb9809727e2f50d/download/balles.png, https://trello.com/c/KaAHHvS7",2,1,0,19,2026-04-09T08:19:51.729Z,68e34f50a91f300b0feee13b,Proposal,68e34f50a91f300b0feee13c,Accounts,false,,false,,High,Events,Manufacturer,Consumer Goods,Soap,Europe,Italy,https://www.ballestra.com/,,2026-04-09T08:19:51.000Z,https://drive.google.com/drive/folders/1evUPW_qwLFETIQEGWXJkSSOM-G5vS1Aa?usp=drive_link,
6902bc16481aed9495c7dc34,Scanlock,https://trello.com/c/Th3bBx7T/100-scanlock,"Meeting scheduled for Nov 11

 https://docs.google.com/document/d/1oU1KQ8zP0K8R8ZaJej_7RLj1u-cq_XiOtr0HOvM5NUY/edit?usp=drivesdk

 https://docs.google.com/document/d/1T5EJgikHWm3XZ9jv5FrsZBvJxNt5G9F5kf9h_AAD6A8/edit?usp=drivesdk

 https://docs.google.com/document/d/15ZkYb1H16g7ti1KzzkarThRfEbQInVub/edit?usp=drivesdk&ouid=116010381325522652316&rtpof=true&sd=true

 https://docs.google.com/document/d/1olB9zRtcGEMorBjd2fw03EOQMsy4ecMe/edit?usp=drivesdk&ouid=116010381325522652316&rtpof=true&sd=true

 https://docs.google.com/spreadsheets/d/14ZIRU2HjHyBLyVJP1_lW6dT8VrD2L5Sq/edit?usp=drivesdk&ouid=116010381325522652316&rtpof=true&sd=true

 https://docs.google.com/spreadsheets/d/1wJ8331thPrKp3LMQZ70ob0EFWu1jPLkp/edit?usp=drivesdk&ouid=116010381325522652316&rtpof=true&sd=true",,mikekurzewski,,3,"https://trello.com/c/sxdHqhNc, https://drive.google.com/drive/folders/1MQkmCl4WDlDOLy7Pv-Eel5j_vZ6Y9RLu, https://trello.com/c/NqrgdZ9T",4,3,0,20,2026-04-13T08:49:48.499Z,68e34f50a91f300b0feee13b,Proposal,68e34f50a91f300b0feee13c,Accounts,false,,false,,,Apollo,Metrology,Other,Technology solutions,Europe,Slovakia,https://scanlock.cz/en/,2025-10-29T04:00:00.000Z,2026-03-19T23:08:48.000Z,1MQkmCl4WDlDOLy7Pv-Eel5j_vZ6Y9RLu,
69034c26a5e793b78c3173f7,Aviation Glass,https://trello.com/c/rpiDB7h3/95-aviation-glass,"

 https://docs.google.com/document/d/1Xlb3hLRCBiRehGPyAzaBG7nEYpgI0TGQ532Txjns7OU/edit?usp=drivesdk

 https://docs.google.com/document/d/1bIo95k_zx9E1wfGhk6q_7gFZwp9olGAcS0Q5XxrudcE/edit?usp=drivesdk

 https://docs.google.com/document/d/1GYnM6LwsET9x4tXpxO3cFf4abn2-rszi/edit?usp=drivesdk&ouid=116010381325522652316&rtpof=true&sd=true

 https://docs.google.com/document/d/14Efvh1Bj_D3lC2mYkT55JBveD_mK6R6t/edit?usp=drivesdk&ouid=116010381325522652316&rtpof=true&sd=true

 https://docs.google.com/spreadsheets/d/1RBsluOzPf-KAak1Gi7b19kdDaOp_vu9h/edit?usp=drivesdk&ouid=116010381325522652316&rtpof=true&sd=true",,meister_wilhelm,,4,"https://drive.google.com/drive/folders/1BRmS1x_hfrPy7IEg5qhLKW6Ts8viSEoe, https://trello.com/c/Xjg5KPma, https://docs.google.com/spreadsheets/d/1RBsluOzPf-KAak1Gi7b19kdDaOp_vu9h/edit?usp=sharing&ouid=109311389873610886532&rtpof=true&sd=true, https://trello.com/c/k1TmSAUF",2,2,0,12,2026-01-20T05:49:45.364Z,68e34f50a91f300b0feee13b,Proposal,68e34f50a91f300b0feee13c,Accounts,false,,false,,High,Referral,Manufacturer,,Glass,Europe,Netherlands,https://www.aviationglass.aero/,2025-10-30T04:00:00.000Z,2026-01-18T19:08:38.000Z,1BRmS1x_hfrPy7IEg5qhLKW6Ts8viSEoe,
68e75823c8fd91e2b7d687e1,Forge LT,https://trello.com/c/IqSA57JU/98-forge-lt,"

 https://docs.google.com/document/d/1eCva3vLMtMXebF6_uY1oz_JQ0ng-mro6JVh-bXbU7-k/edit?usp=drivesdk

 https://docs.google.com/document/d/1OL6mePhlGuUl_-xi77n-vxGmn-is-F_KkrMl8QAj040/edit?usp=drivesdk

 https://docs.google.com/document/d/1TiyeMkxZkmDnDj2t9gq8WZY_AwvQ4aFQ/edit?usp=drivesdk&ouid=116010381325522652316&rtpof=true&sd=true

 https://docs.google.com/document/d/12yTpsnjHdq1KQzS0Gka1c6kCJ2-v-rBv/edit?usp=drivesdk&ouid=116010381325522652316&rtpof=true&sd=true

 https://docs.google.com/spreadsheets/d/1TGvpjSWJshcdQ3Ap-NL1xzqc1oET0Deb/edit?usp=drivesdk&ouid=116010381325522652316&rtpof=true&sd=true",,katiedang_fairy,,4,"https://trello.com/c/UtZaziVV, https://drive.google.com/drive/folders/14GsbYRHQIPaXaVnM7LP9b2TgwCTHTSls, https://trello.com/c/NWQP7KOg, https://trello.com/c/iLCoulQ6",2,2,0,19,2026-04-09T15:16:00.047Z,68e34f50a91f300b0feee13b,Proposal,68e34f50a91f300b0feee13c,Accounts,false,,false,,,Apollo,Manufacturer,Metal & Steel,Steel,Europe,Lithuania,https://www.forge.lt/,2025-08-27T00:00:00.000Z,2026-04-09T15:15:59.000Z,14GsbYRHQIPaXaVnM7LP9b2TgwCTHTSls,
68ec953ca1af1242e98e8383,Hexagon,https://trello.com/c/VPT5tvLB/68-hexagon,,,meister_wilhelm,,3,"https://drive.google.com/drive/folders/1m8mY_0tZw7lCBKZ_2UvkXfNySjbTj1QR?usp=drive_link, https://trello.com/c/BshVNMnW, https://trello.com/c/Fl5ErFEU",0,0,0,12,2026-04-02T07:55:45.186Z,68e34f50a91f300b0feee13b,Proposal,68e34f50a91f300b0feee13c,Accounts,false,,false,,,Events,Metrology,Other,Metrology instruments,Europe,England,https://hexagon.com/,2024-09-15T16:00:00.000Z,2026-04-02T07:55:45.000Z,1m8mY_0tZw7lCBKZ_2UvkXfNySjbTj1QR,
6996c35ca7de6fc82dcea329,Roundel Kitchens,https://trello.com/c/8NTtvYEi/121-roundel-kitchens,"Hi, we're a kitchen manufacturer exploring Integrating AI QC inspection into our manufacturing processes. Doors and frontals made from laminate coated MFC and MDF present significant challenges to consistently produce high quality products, mostly due to the reliance on human inspection. I'd welcome a chance to further discuss if this is something you could support with. Many thanks.

 https://docs.google.com/spreadsheets/d/1Vvvorb4QlZjYh8Af-Ffuj_Jed8JnYNcr/edit?usp=drivesdk&ouid=116010381325522652316&rtpof=true&sd=true

 https://docs.google.com/document/d/1eN8dCl7wTgrbPD2C-emFkmTsLg37hsLsuSNXUUUWdxI/edit?usp=drivesdk

 https://docs.google.com/document/d/1AwOmDhfOHS-719kM2F52EnVKaPxCsyL6hmO-K-fXM9U/edit?usp=drivesdk

 https://docs.google.com/spreadsheets/d/1Lu0qaJQsW3AktmJGMAh1ay2DQFlpyptu/edit?usp=drivesdk&ouid=116010381325522652316&rtpof=true&sd=true

 https://docs.google.com/spreadsheets/d/1i66d3vkb7xVstYWmRrg_IQAUaOFrPUDi/edit?usp=drivesdk&ouid=116010381325522652316&rtpof=true&sd=true

 https://docs.google.com/document/d/1vUUUtXyHLA5tq1HFAZ_7NxPuUeQRrQHT/edit?usp=drivesdk&ouid=116010381325522652316&rtpof=true&sd=true

 https://drive.google.com/file/d/1VDTgw2pHd3HpB8CUkk_7aKS5yhAJDv-g/view?usp=drivesdk

 https://drive.google.com/file/d/1T1pyghHQg52KXRAcAVgs0Keu2OP7PNx7/view?usp=drivesdk

 https://docs.google.com/document/d/15hkcmkAmroQC4p1vEkXKo_p0mfFA2NKJ/edit?usp=drivesdk&ouid=116010381325522652316&rtpof=true&sd=true",,princess_xandra,,7,"https://drive.google.com/drive/folders/114E1YM8P9Xz94BMnBzigLveTexkHH0U5, https://trello.com/1/cards/6996c35ca7de6fc82dcea329/attachments/699f45f4da3d838950d50e2a/download/Roundel_Kitchens.jpg, https://trello.com/1/cards/6996c35ca7de6fc82dcea329/attachments/699f470bed9b530cc990d1da/download/Roundel_Kitchens.jpg, https://trello.com/c/QrWnDBmQ, https://trello.com/c/WJkK5BJe, https://trello.com/c/BPLZkY08/102-roundel-kitchens-2nd-inspection, https://trello.com/c/nQLh2VOy/103-roundel-kitchens-3rd-inspection",3,1,0,18,2026-04-15T06:34:44.037Z,68e34f50a91f300b0feee138,Negotiation,68e34f50a91f300b0feee13c,Accounts,false,,false,,Medium,Website,Manufacturer,Composites,Kitchen Components,Europe,United Kingdom,https://www.roundelkitchens.co.uk/,2026-02-19T11:00:00.000Z,2026-04-15T06:34:43.000Z,114E1YM8P9Xz94BMnBzigLveTexkHH0U5,
6977962f59d8eba99d73f819,Kearney,https://trello.com/c/3aWZZceC/111-kearney,"

 https://docs.google.com/spreadsheets/d/1fZWXzkQwclb5DT0fbF-DD6_uoZs2scqr/edit?usp=drivesdk&ouid=116010381325522652316&rtpof=true&sd=true

 https://docs.google.com/document/d/1XrB_HLpxCRuIutMe14SE91jRGCF0il6gk-hnRHl-x5s/edit?usp=drivesdk

 https://docs.google.com/document/d/15WJjSpJgStoUNttO7q1y0OxtL5OjVKwErCOaCuBoLqc/edit?usp=drivesdk

 https://docs.google.com/document/d/1daywAxH8lEllHgOkhzB0A_HXjUAlupru/edit?usp=drivesdk&ouid=116010381325522652316&rtpof=true&sd=true

 https://drive.google.com/file/d/13vcY7tjDVN5VGifGHXyzIbGKT2DurSi3/view?usp=drivesdk

 https://drive.google.com/file/d/17WDWpUEpphkfK4CEIUOY0awoJhUL1bc0/view?usp=drivesdk

 https://docs.google.com/document/d/1a5_XlMSYY5TJCrnGqarLaX2WpI6n5ngG/edit?usp=drivesdk&ouid=116010381325522652316&rtpof=true&sd=true

 https://docs.google.com/spreadsheets/d/1H61hVxYiyeuwNX4I54rnscsRMczoZep9/edit?usp=drivesdk&ouid=116010381325522652316&rtpof=true&sd=true

 https://docs.google.com/spreadsheets/d/13kMBddkKOUZn0xnEbNolYizsqegRHmfA/edit?usp=drivesdk&ouid=116010381325522652316&rtpof=true&sd=true",On-site Visit (yellow),princess_xandra,,12,"https://trello.com/c/HrWE4xWJ/127-pasupuleti-ravikanth, https://drive.google.com/drive/folders/1cDx9tRj3SqprT6E0HCwYoIH5sr_hab9u, https://zetamotion-my.sharepoint.com/:f:/g/personal/xandra_zetamotion_onmicrosoft_com/IgB30PFtE7wHQZMFiezhJwN1AXLgjG5fHlrv2uEFSgnRb4o?e=8v8aQN, https://trello.com/c/DAgXsPt1, https://trello.com/c/V817L164, https://trello.com/c/UqcMLv5Y, https://trello.com/c/YnIDkug6, https://trello.com/c/GGWkELZR, https://trello.com/c/Oo8hKvax, https://trello.com/c/clmpuRYM/108-kearney-spring-windows-fashion-incoming-full-roll-out, https://trello.com/c/PY27rRwy/107-kearney-spring-windows-fashion-final-line-inspection, https://trello.com/c/owiUDjZH/106-kearney-spring-window-fashion-pre-cutting-table-inspection-pilot",16,12,0,44,2026-04-14T03:18:46.761Z,68e34f50a91f300b0feee138,Negotiation,68e34f50a91f300b0feee13c,Accounts,false,,false,,,Website,Metrology,Consumer Goods,Fabrics,North America,Mexico,https://www.kearney.com/,2026-01-26T15:00:00.000Z,2026-04-13T08:49:09.000Z,1cDx9tRj3SqprT6E0HCwYoIH5sr_hab9u,
695f35ff8ca94191f5ccd820,HSVina,https://trello.com/c/EwsudBT3/108-hsvina,"

 https://docs.google.com/spreadsheets/d/1EcjoZYByXl0LHf5RmM6TEv4l58WSYymN/edit?usp=drivesdk&ouid=116010381325522652316&rtpof=true&sd=true

 https://docs.google.com/document/d/1o5zD8Yrzj-6rnYpYufilBiyiB3Aqw3kHCARKV8N0Uww/edit?usp=drivesdk

 https://docs.google.com/document/d/1-qCf0grNpyEGFjmwgu6k5312Oi7wGeR8PtIIyqdd4PA/edit?usp=drivesdk

 https://docs.google.com/document/d/1yZvBlHMo_Z7NKpwRkVl976u8g8BXcCg5/edit?usp=drivesdk&ouid=116010381325522652316&rtpof=true&sd=true

 https://drive.google.com/file/d/1EqYqb_ajph5PZBephfincVqqcHYgfh91/view?usp=drivesdk

 https://drive.google.com/file/d/17aGdaCn2jMnH0xG0OIfVtuaF1L3VAYnR/view?usp=drivesdk

 https://docs.google.com/document/d/1-DcfWquK1FJujXee_exqLBg3u5TXAxHB/edit?usp=drivesdk&ouid=116010381325522652316&rtpof=true&sd=true

 https://docs.google.com/spreadsheets/d/1UGtjBwLzfkRPvaMyDe1nl8_Z0mmIcQQh/edit?usp=drivesdk&ouid=116010381325522652316&rtpof=true&sd=true

 https://docs.google.com/spreadsheets/d/1sd4gALaKyIDg-wd5k1xz0-V6Xs-CDtdo/edit?usp=drivesdk&ouid=116010381325522652316&rtpof=true&sd=true",,katiedang_fairy,,6,"https://trello.com/c/PHCQMroj, https://www.hsvina.com.vn/, https://drive.google.com/drive/folders/17tKGbZelWhF4H_nd-SPxin52IHQkE2L_, https://trello.com/1/cards/695f35ff8ca94191f5ccd820/attachments/696ab9d0baf62ed948f8cd92/download/image.png, https://trello.com/c/qTCnf0zA, https://trello.com/c/jQFv6drM",6,5,0,18,2026-04-15T06:26:42.785Z,68e34f50a91f300b0feee138,Negotiation,68e34f50a91f300b0feee13c,Accounts,false,,false,,High,Website,Manufacturer,Consumer Goods,Sport Shoes,Asia,Vietnam,https://www.hsvina.com.vn/,2026-01-08T05:00:00.000Z,2026-04-15T06:26:42.000Z,17tKGbZelWhF4H_nd-SPxin52IHQkE2L_,
68f0b1cbfbdb88dd5a153615,Verescence,https://trello.com/c/qtglz78L/93-verescence,"

 https://docs.google.com/document/d/1QTlpCuCeOOVP9fnBYcMNG9U-FUNONSBvL3uLwHus6mA/edit?usp=drivesdk

 https://docs.google.com/document/d/16DPCnHQY0TtO7GeVxFVRQ59QoYWwFvTY07TulsfDKSA/edit?usp=drivesdk

 https://docs.google.com/document/d/1u1Ow1IfcTgRYtpFufx5oOZWS8WqEb3Sm/edit?usp=drivesdk&ouid=116010381325522652316&rtpof=true&sd=true

 https://docs.google.com/document/d/1Vx-1WT4gfGT2xl0cLy_wGztu5CkEMsR7/edit?usp=drivesdk&ouid=116010381325522652316&rtpof=true&sd=true

 https://docs.google.com/spreadsheets/d/1mFj-tiIu6lvVhSbrSoxyB_urzbDjHim7/edit?usp=drivesdk&ouid=116010381325522652316&rtpof=true&sd=true",,mikekurzewski,2025-10-31T08:42:00.000Z,3,"https://trello.com/c/Eq28Rtvy, https://drive.google.com/drive/folders/1-3fyDfNoXr5X8cPZFUS2u0iQP8Te_Xy1, https://trello.com/c/m6ya7lTz",2,2,0,22,2026-04-02T07:55:07.697Z,68e34f50a91f300b0feee138,Negotiation,68e34f50a91f300b0feee13c,Accounts,false,,false,'-1,,Website,Manufacturer,,Glass bottles,Europe,France,https://www.verescence.com/en/,2025-10-06T04:00:00.000Z,2026-04-02T07:55:07.000Z,1-3fyDfNoXr5X8cPZFUS2u0iQP8Te_Xy1,
69b2af9421c0b173b0491660,Aero Engine Centre,https://trello.com/c/JV9eQuHs/126-aero-engine-centre,"

 https://docs.google.com/spreadsheets/d/1g3FnxUsP6ay7Dsk0inUFKzBCkUIVvEsk/edit?usp=drivesdk&ouid=116010381325522652316&rtpof=true&sd=true

 https://docs.google.com/document/d/1Bufch7QuiSDiA761AStaT2j3Ox7G1gwij9mUCqlMnfs/edit?usp=drivesdk

 https://docs.google.com/document/d/1W8cwMyrh2OPGNnFYRuEFg9NFvQMwEyk58OqtLAdMb54/edit?usp=drivesdk

 https://docs.google.com/spreadsheets/d/1UwVbk5RcyssOHxDWwzLOVpzSWACs_a-w/edit?usp=drivesdk&ouid=116010381325522652316&rtpof=true&sd=true

 https://docs.google.com/spreadsheets/d/1sVBPSxeNjpdkCaewrgQ0v_MasPd6ImoY/edit?usp=drivesdk&ouid=116010381325522652316&rtpof=true&sd=true

 https://docs.google.com/document/d/1kaaDuJXfGFxQ5qUOMw2noU3evTnzlJeI/edit?usp=drivesdk&ouid=116010381325522652316&rtpof=true&sd=true

 https://drive.google.com/file/d/1ozU31WZ988nfNOd9WgpdPgn_y29Whutz/view?usp=drivesdk

 https://drive.google.com/file/d/1aHGenKmEgU3IdeX9eFERnpMmhDoIgOov/view?usp=drivesdk

 https://docs.google.com/document/d/1Vj52IhZgoRzBj6mO8nJEdLLZLBtzDxao/edit?usp=drivesdk&ouid=116010381325522652316&rtpof=true&sd=true",,mikekurzewski,,5,"https://drive.google.com/drive/folders/1wkA-9Qi_XbgBgJVN1X0l13XoHm5IBP1Q, https://trello.com/c/jQu0lZXB, https://trello.com/c/gE9JBaQT, https://trello.com/c/LOrMcRfs, https://trello.com/c/qGcMG4Ed/105-aero-engine-centre-2nd-system",1,0,0,11,2026-04-15T06:57:52.403Z,68e34f50a91f300b0feee138,Negotiation,68e34f50a91f300b0feee13c,Accounts,false,,false,,,Apollo,Manufacturer,Aerospace,Aero Engines,Europe,UK,aeroengine.co.uk,2026-03-11T04:00:00.000Z,2026-04-15T06:57:52.000Z,1wkA-9Qi_XbgBgJVN1X0l13XoHm5IBP1Q,
68ec959e0f81cce6b94c70a5,Harmon,https://trello.com/c/5mII5GzQ/83-harmon,,,princess_xandra,,3,"https://drive.google.com/drive/folders/1_K2fe1t3wW8x3c0jTVKXyYXnI0sSsSDX?usp=drive_link, https://trello.com/c/ARRDzgyH, https://trello.com/c/YdZ5ALiC",2,2,0,16,2026-04-13T08:48:04.586Z,68e34f50a91f300b0feee138,Negotiation,68e34f50a91f300b0feee13c,Accounts,false,,false,,High,Apollo,Metrology,Architecture,,North America,United States,http://www.harmoninc.com/,2025-06-23T16:00:00.000Z,2026-04-13T08:48:04.000Z,1_K2fe1t3wW8x3c0jTVKXyYXnI0sSsSDX,
68ec954ae39c9e6d8ef1381c,Balmoral,https://trello.com/c/vzeGYFOt/70-balmoral,,,meister_wilhelm,,3,"https://drive.google.com/drive/folders/1u9c20bBxvvELowoBFT1vrWl9LKA1S8q_?usp=drive_link, https://trello.com/c/tidzBjlV, https://trello.com/c/2gpbtGgL",1,1,0,12,2026-02-20T12:14:12.250Z,68e34f50a91f300b0feee138,Negotiation,68e34f50a91f300b0feee13c,Accounts,false,,false,,Medium,Events,Manufacturer,,Glass,Europe,United Kingdom,https://www.balmoral-group.com/,2024-10-15T16:00:00.000Z,2026-02-20T12:14:12.000Z,1u9c20bBxvvELowoBFT1vrWl9LKA1S8q_,
68ec95b916e488e43efa78bb,Malarkey,https://trello.com/c/7ai6DNLE/87-malarkey,,Tech Review (blue),"meister_wilhelm, nguyenhoangtuan10",,9,"https://drive.google.com/drive/folders/1r4WXWAs2vfTM8ZahHVwdMNCBK2L84s8a?usp=drive_link, https://trello.com/c/I0Ac3h1K, https://trello.com/c/Yg6vPFdh, https://trello.com/c/SrG0dGQa, https://trello.com/c/PGnAS7sd, https://trello.com/c/LlIZAXzG/79-malarkey-opportunity-3rd-wave-inspection-systems, https://trello.com/c/DSoyb6Z1/78-malarkey-opportunity-2nd-wave-stationary-inspection-systems, https://trello.com/c/FZMVdnDi/80-malarkey-opportunity-in-line-1st-wave, https://trello.com/c/lL5crTmd/81-malarkey-opportunity-in-line-2nd-wave",6,6,0,41,2026-04-14T03:17:01.398Z,68e34f50a91f300b0feee13a,Pilot,68e34f50a91f300b0feee13c,Accounts,false,,false,,High,Website,Manufacturer,Roofing,Roof Shingles,North America,United States,http://www.malarkeyroofing.com/,2025-08-05T16:00:00.000Z,2026-04-01T16:14:56.000Z,1r4WXWAs2vfTM8ZahHVwdMNCBK2L84s8a,
68ec95c63fd4f9b8acbecff8,Groglass,https://trello.com/c/z4QegISy/88-groglass,,,meister_wilhelm,,4,"https://drive.google.com/drive/folders/1IpQDVNzP6TnAVQHXKDLzJLgnxkpkK5HN?usp=drive_link, https://trello.com/c/NRneKl1j, https://trello.com/c/EJuNseMp, https://trello.com/c/zCcwraAL",1,1,0,12,2026-04-02T08:00:40.790Z,68edf0cf80decf8b3cf9f067,On hold,68e34f50a91f300b0feee13c,Accounts,false,,false,,High,Website,Metrology,,Glass,Europe,Latvia,https://www.groglass.com/,2025-08-07T16:00:00.000Z,2026-04-02T08:00:40.000Z,1IpQDVNzP6TnAVQHXKDLzJLgnxkpkK5HN,
69260a240a71fa667d0d9208,Flanders Make,https://trello.com/c/ooRnhEtl/102-flanders-make,"

 https://docs.google.com/spreadsheets/d/1qF16ZwS4klaH8Sj8qfJ_5VLj-NQpF59e/edit?usp=drivesdk&ouid=116010381325522652316&rtpof=true&sd=true

 https://docs.google.com/document/d/1wFggZ1BxJbVZGTETNB3UhkO0prt0maZzkR1kcoMLaps/edit?usp=drivesdk

 https://docs.google.com/document/d/1Pw4e_eoRPZsV1sQbnzOfNjWPvWxqe1pkb7M8wpvrQNI/edit?usp=drivesdk

 https://docs.google.com/document/d/136wN0-Ymoj6NMNhx5JAtym6AiFbvqhii/edit?usp=drivesdk&ouid=116010381325522652316&rtpof=true&sd=true

 https://drive.google.com/file/d/1ncZReH5Ii5VVnUCulLY8sp0kFa1ejHqX/view?usp=drivesdk

 https://drive.google.com/file/d/1alGeNuXl0G8Ys2dpWqt7P-iWwv_p5aXg/view?usp=drivesdk

 https://docs.google.com/document/d/1ic6BTuqa-hTIGptJtMJuv33DF2x5udVv/edit?usp=drivesdk&ouid=116010381325522652316&rtpof=true&sd=true

 https://docs.google.com/spreadsheets/d/1ZiVxEmTYDiuc_7mf2XaxUyn-WTi2L6nw/edit?usp=drivesdk&ouid=116010381325522652316&rtpof=true&sd=true

 https://docs.google.com/spreadsheets/d/1B3REA5D515sc1rn1LTbOUU1vq_ZibwxN/edit?usp=drivesdk&ouid=116010381325522652316&rtpof=true&sd=true",,mikekurzewski,,4,"https://trello.com/c/G5j1HKRY/123-hans-descamps, https://drive.google.com/drive/folders/1SyRjwLz-Mp32PhmH01ctgfB0gc-Mh1rp, https://trello.com/c/DPVbi5ym, https://trello.com/c/hLtHkIWl",3,1,0,9,2026-04-02T07:57:30.303Z,68edf0cf80decf8b3cf9f067,On hold,68e34f50a91f300b0feee13c,Accounts,false,,false,,,Website,Metrology,Other,Research Services,Europe,Belgium,https://www.flandersmake.be/en,2025-11-25T15:00:00.000Z,2026-04-02T07:57:30.000Z,1SyRjwLz-Mp32PhmH01ctgfB0gc-Mh1rp,
695f75585f8d1ffe8ce62137,Paking Duck,https://trello.com/c/gHtznN2B/114-paking-duck,"

 https://docs.google.com/spreadsheets/d/1qIVvHKQmuH0w0l_Rbq710iQHZSe3oCVv/edit?usp=drivesdk&ouid=116010381325522652316&rtpof=true&sd=true

 https://docs.google.com/document/d/1L9R6NxTgs15_bnd0xDOfjHfkQZIFSngdH9XCCDjMhL8/edit?usp=drivesdk

 https://docs.google.com/document/d/1VMHSEpDfon7k1LcFatN3wJXaY4z04ij69RJa-UtC6uo/edit?usp=drivesdk

 https://docs.google.com/document/d/1f7QuySInc9I4SXLKoZa5CKY7HUdsIeKJ/edit?usp=drivesdk&ouid=116010381325522652316&rtpof=true&sd=true

 https://drive.google.com/file/d/1x1QvKYFg6cTAEiqYHluv1W8d4gJ036XE/view?usp=drivesdk

 https://drive.google.com/file/d/18a0UkqIXeXKoiW-HTQaGv2pHMW4d9mkD/view?usp=drivesdk

 https://docs.google.com/document/d/1ymnQJbNCJiccuWVA_KFZcG2lmVFQzgi9/edit?usp=drivesdk&ouid=116010381325522652316&rtpof=true&sd=true

 https://docs.google.com/spreadsheets/d/1aFbFDY2xF8oToVmVPDvnZlqTfLeX4ZKN/edit?usp=drivesdk&ouid=116010381325522652316&rtpof=true&sd=true

 https://docs.google.com/spreadsheets/d/1-TSib8skzOXrmP9D-FI1TameOrI0_J2r/edit?usp=drivesdk&ouid=116010381325522652316&rtpof=true&sd=true",,mikekurzewski,,2,"https://drive.google.com/drive/folders/1dvc1OqhUrqmTfT7tFPNzU-r1xzd3K1uU, https://trello.com/c/QWsgELV8/155-jason-wong",0,0,0,10,2026-04-02T07:57:17.210Z,68edf0cf80decf8b3cf9f067,On hold,68e34f50a91f300b0feee13c,Accounts,false,,false,,Low,Referral,Manufacturer,Consumer Goods,Packaging,Asia,China,https://www.pakingduck.com/,,2026-04-02T07:57:17.000Z,1dvc1OqhUrqmTfT7tFPNzU-r1xzd3K1uU,
6976f1ac239b893bd220fb28,Voltava,https://trello.com/c/TmuzuFef/115-voltava,"

 https://docs.google.com/spreadsheets/d/1ZEDxm5c_xezzdH6B_X0NvZunHau5Biu1/edit?usp=drivesdk&ouid=116010381325522652316&rtpof=true&sd=true

 https://docs.google.com/document/d/1EI5Ny__ynm0AawrhRq4U23jdN-d_nJjrnxmwiypZLj4/edit?usp=drivesdk

 https://docs.google.com/document/d/1ccycRj_VDHwVDEu_Hz5U9Yun7b81D9yAL6sE_yIzHhY/edit?usp=drivesdk

 https://docs.google.com/document/d/1f41Kwk9YRnV8eLXnlzfPwPWl_4lK21iS/edit?usp=drivesdk&ouid=116010381325522652316&rtpof=true&sd=true

 https://drive.google.com/file/d/1yds_H2LRpH1VRf8I0UsKFMSY2oijDn1P/view?usp=drivesdk

 https://drive.google.com/file/d/1I_D9S1RBVgXbo8qq3VnCfF9qwkGMR1MM/view?usp=drivesdk

 https://docs.google.com/document/d/1MMRcygqGHZ1YtrgxUHBB_6xwQi-jg7GG/edit?usp=drivesdk&ouid=116010381325522652316&rtpof=true&sd=true

 https://docs.google.com/spreadsheets/d/1ZHdCat4RRYBOTMXW3mYmCq4Pa4P2b6wL/edit?usp=drivesdk&ouid=116010381325522652316&rtpof=true&sd=true

 https://docs.google.com/spreadsheets/d/1fMDDpRK0WLrnN655Jm165-2-kyh838TJ/edit?usp=drivesdk&ouid=116010381325522652316&rtpof=true&sd=true",,mikekurzewski,,2,"https://trello.com/c/fFnZrbYH, https://drive.google.com/drive/folders/1Hp-gsYYzdEmA7iLThUwkdrrHqwkVfWNp",1,1,0,13,2026-04-01T14:46:33.655Z,68edf0cf80decf8b3cf9f067,On hold,68e34f50a91f300b0feee13c,Accounts,false,,false,,Medium,Website,Manufacturer,,Contract Manufacturing,North America,USA,https://www.dmsna.com/,2026-01-26T04:00:00.000Z,2026-04-01T14:46:33.000Z,1Hp-gsYYzdEmA7iLThUwkdrrHqwkVfWNp,"12601 Artesian StDetroit, MI 48223"
698be490e84cb8411049fba2,Holcim,https://trello.com/c/HatMGYpV/118-holcim,"They seem very keen. 
- email went out to lily wong, she must have forwarded the message
- Luis direct messaged me saying he wants a meeting and gave times immediately
- He already scheduled it when he sent the message and the meeting description in the invite is “Hi, we've scheduled an introductory meeting with the vendor Zetamotion to discuss the potential integration of their AI-powered visual inspection solution for quality control on the Mexico business unit’s bituminous membrane production line.” And he has added 3 colleagues.
- Lily is is head of digital transformation and AI
- Luis is “global data scientist and industrial expert” for holcim

 https://docs.google.com/spreadsheets/d/1Soi61fN7XipJfOvJWQpksHTvmtjfKeAl/edit?usp=drivesdk&ouid=116010381325522652316&rtpof=true&sd=true

 https://docs.google.com/document/d/1yKmO_MNfaDVvvFWWutvhhmuFR9r522pQj7Jm2e5ZLrg/edit?usp=drivesdk

 https://docs.google.com/document/d/1RkYNLlXV-UZPuKu_p2as4nUp2RB7xoP_9fxOpoItlnk/edit?usp=drivesdk

 https://docs.google.com/document/d/1Zp8PnUY6C4RAJALsUTE697_838-7bJ8o/edit?usp=drivesdk&ouid=116010381325522652316&rtpof=true&sd=true

 https://drive.google.com/file/d/1_50UNSVjgloeLSGsiVK9cH-HqCpGptcJ/view?usp=drivesdk

 https://drive.google.com/file/d/1Zz5lWtYAmcTt2DX2G0uf1NGzSDyJbRmt/view?usp=drivesdk

 https://docs.google.com/document/d/1XvWKMIWsYr1vcTHYF7BV1r6FcL28Uthp/edit?usp=drivesdk&ouid=116010381325522652316&rtpof=true&sd=true

 https://docs.google.com/spreadsheets/d/12fq5Qy0anYJJ3enz5-KONghzuUHo3ygw/edit?usp=drivesdk&ouid=116010381325522652316&rtpof=true&sd=true

 https://docs.google.com/spreadsheets/d/1wRWnskUZEUl534gMuJNhgCkSFWKantfz/edit?usp=drivesdk&ouid=116010381325522652316&rtpof=true&sd=true",,"meister_wilhelm, princess_xandra",,4,"https://trello.com/c/0hAbncaT, https://drive.google.com/drive/folders/1ho1Q6_ySwaMFjrsf8UYOevJShLoO7Q_u, https://trello.com/1/cards/698be490e84cb8411049fba2/attachments/699f47c1e88df073741a1b84/download/Holcim_Logo_Resized.png, https://trello.com/c/Jo2tcXf8",2,1,0,14,2026-04-01T10:03:16.879Z,68edf0cf80decf8b3cf9f067,On hold,68e34f50a91f300b0feee13c,Accounts,false,,false,,High,Apollo,Manufacturer,Roofing,Asphalt/bitumen membranes,North America,Mexico,https://holcim.com,2026-02-10T02:08:00.000Z,2026-04-01T10:03:16.000Z,1ho1Q6_ySwaMFjrsf8UYOevJShLoO7Q_u,
69a7d7c02ed2a1ac15970b0d,Sportslab,https://trello.com/c/5GnEethg/124-sportslab,"

 https://docs.google.com/spreadsheets/d/1rjaO8J6k15ba7wMp3rr_-T0CocYjfu_N/edit?usp=drivesdk&ouid=116010381325522652316&rtpof=true&sd=true

 https://docs.google.com/document/d/1iEP0rle4iB0djQk0n4Sw6JIsOFy1ghjYakWnDD9HMCQ/edit?usp=drivesdk

 https://docs.google.com/document/d/1j44MNFSITXNS4NnsaJwmep7WssMHFgXGlWzOgsiuFDE/edit?usp=drivesdk

 https://docs.google.com/spreadsheets/d/1DSgSQl9Ntq9gIxLEzbKnyoIvg4BGwBLi/edit?usp=drivesdk&ouid=116010381325522652316&rtpof=true&sd=true

 https://docs.google.com/spreadsheets/d/1TXa3f1eV3svN6G9cpfLPFQXwvngc3ESW/edit?usp=drivesdk&ouid=116010381325522652316&rtpof=true&sd=true

 https://docs.google.com/document/d/1qGsZjpJuvDtjWEZthfYOE_i0WXbfkgB2/edit?usp=drivesdk&rtpof=true&sd=true

 https://drive.google.com/file/d/1W-lpaVBElKZarOP7OY9qDg6-nai0aXlb/view?usp=drivesdk

 https://drive.google.com/file/d/1IF39nOUplKbly6_0kLNC09rFY_FwLd2P/view?usp=drivesdk

 https://docs.google.com/document/d/1V2yzgY2zv4uy3Gaja0lOEVt5-pg-PWWK/edit?usp=drivesdk&ouid=116010381325522652316&rtpof=true&sd=true",,"mikekurzewski, princess_xandra",2026-10-01T23:55:00.000Z,2,"https://drive.google.com/drive/folders/1nYkJSiFdJAmZ8PUO92d6mHM_Bl79097z, https://trello.com/c/RNKtpFiD",1,0,0,10,2026-03-16T10:09:11.017Z,68edf0cf80decf8b3cf9f067,On hold,68e34f50a91f300b0feee13c,Accounts,false,,false,60,,Website,Manufacturer,Consumer Goods,Sports Equipment,Middle East,UAE,https://www.sportslab.design/,2026-02-26T04:00:00.000Z,2026-03-16T10:08:59.000Z,1nYkJSiFdJAmZ8PUO92d6mHM_Bl79097z,
68e75850587847a16d757179,Mehler Protection,https://trello.com/c/7ltUMwzO/94-mehler-protection,"

 https://docs.google.com/document/d/1eWX7yrtXek-5YAFHRy0qf8ImbqokRlPEzHeC3ngxEfc/edit?usp=drivesdk

 https://docs.google.com/document/d/1_74sJJxlSx5MHQLgfgcmjzHrVzj4J4q4nkks0MOWB2U/edit?usp=drivesdk

 https://docs.google.com/document/d/1XT3bP7i8JkfM7HO0BO-_LSWm1R23MJb-/edit?usp=drivesdk&ouid=116010381325522652316&rtpof=true&sd=true

 https://docs.google.com/document/d/1tpyvcwpy-IQJSrauFLW2J9ggNs9dwy1J/edit?usp=drivesdk&ouid=116010381325522652316&rtpof=true&sd=true

 https://docs.google.com/spreadsheets/d/1x3onSa4Cee5UwI_Eic74HoW90rxezoCk/edit?usp=drivesdk&ouid=116010381325522652316&rtpof=true&sd=true",,meister_wilhelm,,4,"https://trello.com/c/SJWuoOUn, https://trello.com/c/j94NqfXC, https://drive.google.com/drive/folders/19d8ZtZIGzYsNkjcEdb2PJWCP_l5QWkSG, https://trello.com/1/cards/68e75850587847a16d757179/attachments/699f45a915e86bffaef5707f/download/melher.png",1,1,0,11,2026-03-09T10:21:46.887Z,68edf0cf80decf8b3cf9f067,On hold,68e34f50a91f300b0feee13c,Accounts,false,,false,,,Apollo,Manufacturer,,Platform armour,Europe,Mehler Protection,https://mehler-protection.com/,2025-09-24T00:00:00.000Z,2026-03-09T10:21:46.000Z,19d8ZtZIGzYsNkjcEdb2PJWCP_l5QWkSG,
68e7584a3bc155bebbe57ab5,POSCO ASSAN TST,https://trello.com/c/SRabdTdv/92-posco-assan-tst,,,princess_xandra,,2,"https://trello.com/c/2PLzbaE4, https://drive.google.com/drive/folders/1FXjWcUQkmDwmKovUhpbdefeNp_6l7m9X?usp=sharing",2,2,0,12,2026-02-27T09:19:52.228Z,68edf0cf80decf8b3cf9f067,On hold,68e34f50a91f300b0feee13c,Accounts,false,,false,,,Apollo,Manufacturer,Other,Mining,Asia,Turkey,https://www.poscoassan.com.tr/,2025-09-24T00:00:00.000Z,2026-02-27T09:19:52.000Z,1FXjWcUQkmDwmKovUhpbdefeNp_6l7m9X,
693297238083a2068a833770,Formator,https://trello.com/c/BnWBQhZ3/105-formator,"

 https://docs.google.com/spreadsheets/d/1PN7hR3kY-IsrOhgPDXW0laN-B-RzBZak/edit?usp=drivesdk&ouid=116010381325522652316&rtpof=true&sd=true

 https://docs.google.com/document/d/1rXNmiD2SrHcoU74-eGjIriE5Nz4X_I2qHjZlkztQ5sI/edit?usp=drivesdk

 https://docs.google.com/document/d/1Q6qkCoSLtLPCsE2K33JMS4wwD_rOsOix71b2fbwE7y8/edit?usp=drivesdk

 https://docs.google.com/document/d/14TBaWCDKLK5ZCqXFQcmx923wtU7xdWx6/edit?usp=drivesdk&ouid=116010381325522652316&rtpof=true&sd=true

 https://drive.google.com/file/d/1kfVf7TWpfGKA-h1wI_sMT8bZ-axmLaHx/view?usp=drivesdk

 https://drive.google.com/file/d/1GrSuzOl2rCmYw16E7hCn3Luu3qsx_DUj/view?usp=drivesdk

 https://docs.google.com/document/d/1IBDhlDBVTOS8kqMJXLx0W9GXNXGHLYAH/edit?usp=drivesdk&ouid=116010381325522652316&rtpof=true&sd=true

 https://docs.google.com/spreadsheets/d/1Zed-sh5qJLfLbt6DbeC552nKVk__nkXG/edit?usp=drivesdk&ouid=116010381325522652316&rtpof=true&sd=true

 https://docs.google.com/spreadsheets/d/1jljDm-4NY3v3tTfmt9blCrf8TF5_eq3z/edit?usp=drivesdk&ouid=116010381325522652316&rtpof=true&sd=true",Tech Review (blue),princess_xandra,2027-09-01T20:17:00.000Z,3,"https://trello.com/c/OZkAW8w6/124-ma%C5%A1a-vidovi%C4%87-roland, https://drive.google.com/drive/folders/1Xl26PxIOsQOLj87ENPtKpmRxnfDHVNg_, https://trello.com/c/K0Ph1Hi4",5,5,0,28,2026-02-27T09:19:49.731Z,68edf0cf80decf8b3cf9f067,On hold,68e34f50a91f300b0feee13c,Accounts,false,,false,60,,Apollo,Manufacturer,,Glass,Europe,Croatia,https://www.formator.hr/,2025-12-05T15:00:00.000Z,2026-02-25T19:17:12.000Z,1Xl26PxIOsQOLj87ENPtKpmRxnfDHVNg_,
690b24c9896a9347cd74f516,Edwards Vacuum,https://trello.com/c/Blxifw7j/96-edwards-vacuum,"

 https://docs.google.com/document/d/1KLWJAJB4zKb-C8x3YoKKb__ASNAGeiW5HRIR59S0NxI/edit?usp=drivesdk

 https://docs.google.com/document/d/1LHoMyyw4ZLHIWUJed3Qq9eQGPaDXxRsRoBMZb7m_rng/edit?usp=drivesdk

 https://docs.google.com/document/d/1mcbfNczdfzdxfau45Dnpqy4LptOxVly4/edit?usp=drivesdk&ouid=116010381325522652316&rtpof=true&sd=true

 https://docs.google.com/document/d/1ZigOyxgkAGMLjx4Lu6-ofd9jUvYhJV2t/edit?usp=drivesdk&ouid=116010381325522652316&rtpof=true&sd=true

 https://docs.google.com/spreadsheets/d/1MOaDZJXy0sORzQKUK0tcYiYxt1gy65IJ/edit?usp=drivesdk&ouid=116010381325522652316&rtpof=true&sd=true",,princess_xandra,,2,"https://trello.com/c/NzBoQl0M/118-dan-middleton, https://drive.google.com/drive/folders/1CZXKaUz3N3XwR74FeUbRK-96GJWQLaJY",3,3,0,11,2026-01-27T17:15:14.344Z,68edf0cf80decf8b3cf9f067,On hold,68e34f50a91f300b0feee13c,Accounts,false,,false,,,Events,Manufacturer,Consumer Goods,Vacuum,Europe,England,https://www.edwardsvacuum.com/en-us,2025-11-05T04:00:00.000Z,2026-01-27T17:15:13.000Z,1CZXKaUz3N3XwR74FeUbRK-96GJWQLaJY,
68e757eb07aa7817d3847ac1,Stronglasas,https://trello.com/c/CH70UiVs/99-stronglasas,"

 https://docs.google.com/document/d/1KG1SBSEJupPa6RmymZdz-YP2M_ZFZA5u-UiYsz0lpEg/edit?usp=drivesdk

 https://docs.google.com/document/d/17-5ixq7i74FxOR-b0yCa1T_Kk7shA94Wnxbg2b0T9QU/edit?usp=drivesdk

 https://docs.google.com/document/d/1xMVHow1jLMrKuPsC1bNxa1gh1czT3qLf/edit?usp=drivesdk&ouid=116010381325522652316&rtpof=true&sd=true

 https://docs.google.com/document/d/1psQu20NpNqN7q5O0Y6S-HMrOInKsBGA1/edit?usp=drivesdk&ouid=116010381325522652316&rtpof=true&sd=true

 https://docs.google.com/spreadsheets/d/1LOAIqH9_FWaRAlv7MNAQS8cbP4m7UOqx/edit?usp=drivesdk&ouid=116010381325522652316&rtpof=true&sd=true

 https://docs.google.com/spreadsheets/d/1LPu3-_IEzS0zFKK2N_8dHTN0gDjcc4qI/edit?usp=drivesdk&ouid=116010381325522652316&rtpof=true&sd=true",,katiedang_fairy,,3,"https://trello.com/c/2JZCQpCW, https://drive.google.com/drive/folders/10JuClSZ1mrAabc5oKs_E9vQgLXJv1gal, https://trello.com/c/CLnfYryM",1,1,0,11,2026-01-19T11:40:49.549Z,68edf0cf80decf8b3cf9f067,On hold,68e34f50a91f300b0feee13c,Accounts,false,,false,,,Apollo,Manufacturer,,Glass,Europe,Lithuania,https://www.stronglasas.lt/,2025-07-04T00:00:00.000Z,2026-01-08T09:03:56.000Z,10JuClSZ1mrAabc5oKs_E9vQgLXJv1gal,
6901b548f843ae5d90e856b9,Rototip,https://trello.com/c/o3OoSWVa/97-rototip,"Could be looking at integration with their services in the metal industry. They do a number of different things: https://www.rototip.com/

 https://docs.google.com/document/d/1VX1E0dn5aNgjlme18jJaARN6rW_v3ARxKU2zvUJibk4/edit?usp=drivesdk

 https://docs.google.com/document/d/1AWfMF_D8LU5MFtnsEJk_dBQjilbf1UbvclsplxNgxn4/edit?usp=drivesdk

 https://docs.google.com/document/d/1iUL8BU1nM4uxcVSCM6FVYU12JH2wzv9S/edit?usp=drivesdk&ouid=116010381325522652316&rtpof=true&sd=true

 https://docs.google.com/document/d/1YCt0IhPtuFr_bDA3affMeXS1qhgXDMnR/edit?usp=drivesdk&ouid=116010381325522652316&rtpof=true&sd=true

 https://docs.google.com/spreadsheets/d/1XvXF8qbYJ1cA0zzVkY8lPinAs1YqGvEU/edit?usp=drivesdk&ouid=116010381325522652316&rtpof=true&sd=true",,mikekurzewski,,2,"https://trello.com/c/4CaRFIVi, https://drive.google.com/drive/folders/1syfmTFVVCuiFsuZBw-4Ju4PHkDlahHL4",1,1,0,10,2026-01-19T11:46:34.449Z,68edf0cf80decf8b3cf9f067,On hold,68e34f50a91f300b0feee13c,Accounts,false,,false,,,Apollo,Manufacturer,Other,Custom manufacturing,Asia,Turkey,https://www.rototip.com/,2025-10-29T04:00:00.000Z,2025-11-10T06:30:54.000Z,1syfmTFVVCuiFsuZBw-4Ju4PHkDlahHL4,
68ec954fbed97bf8a99171ec,Roboxi,https://trello.com/c/HHfUkdlO/71-roboxi,,,meister_wilhelm,,3,"https://drive.google.com/drive/folders/1xFIrSupOUEoKHOMFyRI9aM4peDc9uCQO?usp=drive_link, https://trello.com/c/UxUAWs3Q, https://trello.com/c/5DFEVFPJ",1,1,0,13,2026-01-19T11:49:46.336Z,68edf0cf80decf8b3cf9f067,On hold,68e34f50a91f300b0feee13c,Accounts,false,,false,,,Apollo,Metrology,Aerospace,Robotics,Europe,Norway,https://www.roboxi.com/,2024-10-07T16:00:00.000Z,2026-01-12T04:23:31.000Z,1xFIrSupOUEoKHOMFyRI9aM4peDc9uCQO,
68ec956b948357f5a97ac98d,Laufenberg GmbH,https://trello.com/c/LhYQJ02l/76-laufenberg-gmbh,,,mikekurzewski,,3,"https://drive.google.com/drive/folders/1zJoDvLafciK28kU_CczSPaPuo6NM9kxj?usp=sharing, https://trello.com/c/oXmOX7bC, https://trello.com/c/kfMsna6T",0,0,0,8,2026-01-19T12:05:11.750Z,68edf0cf80decf8b3cf9f067,On hold,68e34f50a91f300b0feee13c,Accounts,false,,false,,,Events,Manufacturer,Consumer Goods,Films,Europe,Germany,https://laufenberg.info/en/,2025-06-08T16:00:00.000Z,2026-01-13T15:41:28.000Z,1zJoDvLafciK28kU_CczSPaPuo6NM9kxj,
68ec95847e32910fa019ac1c,DoorCo,https://trello.com/c/MhssaLVy/79-doorco,,,meister_wilhelm,,3,"https://drive.google.com/drive/folders/1SBd80djhg0_qU-tDGG9dXXfhw12V0qOq?usp=drive_link, https://trello.com/c/ByuatbPa, https://trello.com/c/Rw9NU1uy",1,1,0,16,2026-01-19T12:13:16.286Z,68edf0cf80decf8b3cf9f067,On hold,68e34f50a91f300b0feee13c,Accounts,false,,false,,,Apollo,Manufacturer,Consumer Goods,Doors,Asia,South Korea,https://www.doorcokorea.com/?page_id=8293&lang=en,2024-11-10T16:00:00.000Z,2026-01-12T02:42:30.000Z,1SBd80djhg0_qU-tDGG9dXXfhw12V0qOq,
68ec955ba1f3a4b92daaf25a,Airbus,https://trello.com/c/6t78xDRH/73-airbus,,,mikekurzewski,,3,"https://drive.google.com/drive/folders/1SopiC8oNCPrTfSeDTRRFBRzKPV2KvqwC?usp=drive_link, https://trello.com/c/QVnyf47g, https://trello.com/c/Hr81uG1S",0,0,0,4,2026-01-19T12:19:09.234Z,68edf0cf80decf8b3cf9f067,On hold,68e34f50a91f300b0feee13c,Accounts,false,,false,,,Referral,Manufacturer,Aerospace,Aircraft wing,Europe,France,https://www.airbus.com/en/innovation/future-aircraft/wings,2025-06-08T16:00:00.000Z,2026-01-08T08:59:24.000Z,1SopiC8oNCPrTfSeDTRRFBRzKPV2KvqwC,
68ec958cc15882d48b504255,BMI Group,https://trello.com/c/gtraPNx1/80-bmi-group,,,meister_wilhelm,,3,"https://drive.google.com/drive/folders/1fPgWaSwjvBoOs4Ltn29yKtMChmCBX1mG?usp=drive_link, https://trello.com/c/QH9QdQpZ, https://trello.com/c/vGjyXdCU",0,0,0,10,2026-01-19T12:21:59.957Z,68edf0cf80decf8b3cf9f067,On hold,68e34f50a91f300b0feee13c,Accounts,false,,false,,,Apollo,Manufacturer,Architecture,Roofing,Europe,United Kingdom,http://www.bmigroup.com/,2025-01-11T16:00:00.000Z,2025-12-03T12:08:00.000Z,1fPgWaSwjvBoOs4Ltn29yKtMChmCBX1mG,
68ec9598497af42882afb2c9,HAECO,https://trello.com/c/Tcvba5tv/82-haeco,,,meister_wilhelm,,3,"https://drive.google.com/drive/folders/1HKLeO7pIGucnviw94-fU3S8VPiHtxICx?usp=drive_link, https://trello.com/c/nxD8vqHS, https://trello.com/c/vsHUIRj5",1,1,0,11,2026-01-19T12:25:45.799Z,68edf0cf80decf8b3cf9f067,On hold,68e34f50a91f300b0feee13c,Accounts,false,,false,,,Website,Manufacturer,Aerospace,Aircraft Engineering,North America,Hong Kong,https://www.haeco.com/en,2024-07-14T16:00:00.000Z,2026-01-12T02:33:33.000Z,1HKLeO7pIGucnviw94-fU3S8VPiHtxICx,
68ec95b5392d9ae4518ca4d2,Airbus (Defense & Space),https://trello.com/c/COrF7zeS/86-airbus-defense-space,,,princess_xandra,,3,"https://drive.google.com/drive/folders/1gF4L6C6B2L4y1YEs80vuYcaOfGXU8FjV?usp=sharing, https://trello.com/c/9ADldY00, https://trello.com/c/PfYIiGMa",1,1,0,9,2026-01-19T12:27:25.546Z,68edf0cf80decf8b3cf9f067,On hold,68e34f50a91f300b0feee13c,Accounts,false,,false,,,Referral,Manufacturer,Aerospace,Military and defence systems,Europe,France,https://www.airbus.com/en/products-services/defence,2025-07-01T16:00:00.000Z,2026-01-12T02:26:33.000Z,1gF4L6C6B2L4y1YEs80vuYcaOfGXU8FjV,
68ec956469bc2c0190e24d2b,Meopta,https://trello.com/c/5AoEbECQ/75-meopta,,,mikekurzewski,,3,"https://drive.google.com/drive/folders/1nNK11lv40t14uEZCvcz2Zy3jbQyTthke?usp=drive_link, https://trello.com/c/xP2YAZ1h, https://trello.com/c/4NvJ8uL4",0,0,0,12,2026-04-15T07:02:57.015Z,68edf0cf80decf8b3cf9f067,On hold,68e34f50a91f300b0feee13c,Accounts,false,,false,,,Apollo,Manufacturer,Other,Optical,Europe,Optical,meopta.com,2025-05-21T16:00:00.000Z,2026-04-15T07:02:56.000Z,1nNK11lv40t14uEZCvcz2Zy3jbQyTthke,
6970a581b6d104b6b4095625,Cortha Ltd.,https://trello.com/c/VVChIA88/110-cortha-ltd,"

 https://docs.google.com/spreadsheets/d/1TyTHXFb7jyAMvHWyAhbBy0eRhWrYeDad/edit?usp=drivesdk&ouid=116010381325522652316&rtpof=true&sd=true

 https://docs.google.com/document/d/1FgyejUt43qUgWHEEcNTNwM2uQok36v8rPe8ej2vxweA/edit?usp=drivesdk

 https://docs.google.com/document/d/1x-ELqd_DUUb8-0aWJMrbz4wu5qI97mKLLA6oFKWpmAc/edit?usp=drivesdk

 https://docs.google.com/document/d/1WzgwUNPuRd9oPhHjdQHPhWEDmooRrdl-/edit?usp=drivesdk&ouid=116010381325522652316&rtpof=true&sd=true

 https://drive.google.com/file/d/1fbY96jt8YTNNdWCsvvbGRxgvjnr24T8A/view?usp=drivesdk

 https://drive.google.com/file/d/1oE4ZTOcstKVg08e0SWi7Q7Wc68LWFNHB/view?usp=drivesdk

 https://docs.google.com/document/d/1ktNncIqytmrCeaXy2qaRi7ge5wB9IHQ1/edit?usp=drivesdk&ouid=116010381325522652316&rtpof=true&sd=true

 https://docs.google.com/spreadsheets/d/19IwGdG_HIxQLXhASpC44Fa1MTgEcy8jU/edit?usp=drivesdk&ouid=116010381325522652316&rtpof=true&sd=true

 https://docs.google.com/spreadsheets/d/1BdwK2WeFybRelQiUguKgnGxq8ijTUenU/edit?usp=drivesdk&ouid=116010381325522652316&rtpof=true&sd=true",,"meister_wilhelm, mikekurzewski",,2,"https://drive.google.com/drive/folders/1zVk5S0JkesmD4sQlgspBiDCI4oQQeyW7, https://trello.com/c/sVLQDtIG",2,2,0,9,2026-03-18T09:06:09.627Z,68e34f797a2d60f9b085579a,Lost,68e34f50a91f300b0feee13c,Accounts,false,,false,,,Linkedin,Metrology,Other,Machine Vision,Europe,UK,https://cortha.co.uk/,2026-01-21T04:00:00.000Z,2026-03-18T09:06:09.000Z,1zVk5S0JkesmD4sQlgspBiDCI4oQQeyW7,
68e7585b0c8643b3dbe4b02d,M.S.Ambrogio SpA,https://trello.com/c/NaSnq27t/91-msambrogio-spa,"

 https://docs.google.com/document/d/1a9PPHEXnB4E1AH_onzcIlHZyeU5cjS8h7EsfxFdfFPE/edit?usp=drivesdk

 https://docs.google.com/document/d/1lZ71xiuiuXcJhUCRvS1X7AcZ3ctEgVfrHa9jkVA_Kow/edit?usp=drivesdk

 https://docs.google.com/document/d/1LXXKkyiCktTb4pyzyuMF4xBScpHXYDc4/edit?usp=drivesdk&ouid=116010381325522652316&rtpof=true&sd=true

 https://docs.google.com/document/d/1SDOIW4C5STE2Uto6JdoQNxAreUMwPn-M/edit?usp=drivesdk&ouid=116010381325522652316&rtpof=true&sd=true

 https://docs.google.com/spreadsheets/d/1RFUtHdOQrSDXNTXXNhVFwTKv-lPM7Qxu/edit?usp=drivesdk&ouid=116010381325522652316&rtpof=true&sd=true",,,,2,"https://trello.com/c/ymdtIsc3, https://drive.google.com/drive/folders/1GRFbkNI6VggXUDms1jV9Fh32bYeYYY8C",2,2,0,13,2026-01-08T11:18:17.058Z,68e34f797a2d60f9b085579a,Lost,68e34f50a91f300b0feee13c,Accounts,false,,false,,,Apollo,Manufacturer,,,,,,2025-10-03T00:00:00.000Z,2026-01-08T11:18:16.000Z,1GRFbkNI6VggXUDms1jV9Fh32bYeYYY8C,
68ec955ffb07a72bddbff98f,Riva Group,https://trello.com/c/ENYen7Hg/74-riva-group,,,mikekurzewski,,4,"https://drive.google.com/drive/folders/1CO6C1C9A5wbDugkHG3tj26MeeULCZKO_?usp=drive_link, https://trello.com/c/GYRA0jix, https://trello.com/c/wMiw4gPf, https://trello.com/c/T85FZ9VB",1,1,0,12,2026-01-21T08:47:40.135Z,68e34f797a2d60f9b085579a,Lost,68e34f50a91f300b0feee13c,Accounts,false,,false,,,Apollo,Manufacturer,Metal & Steel,,Europe,Italy,https://www.rivagroup.com/en/,2025-05-29T16:00:00.000Z,2026-01-21T08:47:40.000Z,1CO6C1C9A5wbDugkHG3tj26MeeULCZKO_,
68ec95a47fb4c8366c7fa1e6,LVMH,https://trello.com/c/YNevSIii/84-lvmh,,,meister_wilhelm,,3,"https://drive.google.com/drive/folders/1OdUaDeohvaDOaPcwDlLkwPRnVP5tOecC?usp=sharing, https://trello.com/c/LplDzoT3, https://trello.com/c/JPhe91Ko",0,0,0,19,2026-01-08T09:15:29.030Z,68e34f797a2d60f9b085579a,Lost,68e34f50a91f300b0feee13c,Accounts,false,,false,,High,Website,Manufacturer,,,,,,2025-06-24T16:00:00.000Z,2026-01-08T09:15:28.000Z,1OdUaDeohvaDOaPcwDlLkwPRnVP5tOecC,
68ec957a0c9624b9e4aa0c8a,Debiopharm,https://trello.com/c/u4aruv5Z/78-debiopharm,,,meister_wilhelm,,3,"https://drive.google.com/drive/folders/19dfiJjruJFbRDYzpJxvbc3pVdPFjvAe-?usp=drive_link, https://trello.com/c/Xyqreung, https://trello.com/c/O0kBBQRA",1,1,0,15,2026-01-12T10:04:27.439Z,68e34f797a2d60f9b085579a,Lost,68e34f50a91f300b0feee13c,Accounts,false,,false,,,Events,Manufacturer,,,,,,2024-09-01T16:00:00.000Z,2026-01-12T10:04:27.000Z,19dfiJjruJFbRDYzpJxvbc3pVdPFjvAe-,
68ec9543268d42af6fac3cef,Melicon,https://trello.com/c/LBEfrRTc/69-melicon,,,meister_wilhelm,,3,"https://drive.google.com/drive/folders/1X02NO_1MRBQJ9K5O-_EuWsInB9Q8naIX?usp=drive_link, https://trello.com/c/kwueDY6z, https://trello.com/c/N8KWcsmV",0,0,0,13,2026-01-09T10:10:55.978Z,68e34f797a2d60f9b085579a,Lost,68e34f50a91f300b0feee13c,Accounts,false,,false,,,Events,Manufacturer,,,,,,2025-02-17T16:00:00.000Z,2026-01-09T10:10:55.000Z,1X02NO_1MRBQJ9K5O-_EuWsInB9Q8naIX,
68ec9571f05bfa7171b7db34,Hydram,https://trello.com/c/OnJHxcWA/77-hydram,,,meister_wilhelm,,3,"https://drive.google.com/drive/folders/19eB5hK70E5aorvPhipDSCKBco8Eeg4UC?usp=drive_link, https://trello.com/c/L5rHIwv9, https://trello.com/c/qzYSgOJA",0,0,0,18,2026-01-18T18:59:12.616Z,68e34f797a2d60f9b085579a,Lost,68e34f50a91f300b0feee13c,Accounts,false,,false,,,Apollo,Manufacturer,,,,,,2025-02-19T16:00:00.000Z,2026-01-18T18:59:12.000Z,19eB5hK70E5aorvPhipDSCKBco8Eeg4UC,
68ec95afc26927be5b85e6a8,VS_Technology,https://trello.com/c/nWMl9GVr/85-vstechnology,,,katiedang_fairy,,3,"https://drive.google.com/drive/folders/1c5nURLNUdxuxvOBVoNf16YEtCFlX3n35?usp=sharing, https://trello.com/c/dLKqokIV, https://trello.com/c/nq1Bde65",0,0,0,4,2026-01-08T09:15:17.204Z,68e34f797a2d60f9b085579a,Lost,68e34f50a91f300b0feee13c,Accounts,false,,false,,,Referral,Metrology,,,,,,2025-06-01T16:00:00.000Z,2026-01-08T09:15:17.000Z,1c5nURLNUdxuxvOBVoNf16YEtCFlX3n35,
68ec9556cc2e67b0814b7d44,Jayant Group,https://trello.com/c/qJufQBPR/72-jayant-group,,,mikekurzewski,,3,"https://drive.google.com/drive/folders/1HGt33cLGXjeHVGwXt5mg22lxUVt_y9BK?usp=drive_link, https://trello.com/c/UvXIKz2S, https://trello.com/c/kafz2qvX",0,0,0,9,2026-01-09T10:01:47.878Z,68e34f797a2d60f9b085579a,Lost,68e34f50a91f300b0feee13c,Accounts,false,,false,,,Website,Manufacturer,,,,,,2025-06-08T16:00:00.000Z,2026-01-09T10:01:47.000Z,1HGt33cLGXjeHVGwXt5mg22lxUVt_y9BK,
68ec9593249fb275a2246b96,ONYX Energy,https://trello.com/c/gwW2cFXe/81-onyx-energy,,,mikekurzewski,,3,"https://drive.google.com/drive/folders/1geilVM0yqojdRwPXX8uuZusoMUqVr5wp?usp=sharing, https://trello.com/c/MfMLMjaa, https://trello.com/c/QEM75RjT",0,0,0,7,2026-01-09T10:02:42.090Z,68e34f797a2d60f9b085579a,Lost,68e34f50a91f300b0feee13c,Accounts,false,,false,,,Apollo,Manufacturer,,,,,,2025-06-08T16:00:00.000Z,2026-01-09T10:02:41.000Z,1geilVM0yqojdRwPXX8uuZusoMUqVr5wp,
68ec95d3d9f8b5f5f2c406e1,Satellite Tool,https://trello.com/c/r9UO4f7n/90-satellite-tool,,,princess_xandra,,3,"https://drive.google.com/drive/folders/1FeLbxhzL2S2Hx6grsBb-mtbDIB6dvvK5?usp=drive_link, https://trello.com/c/e9UwPyEB, https://trello.com/c/LKZZDp4p",0,0,0,7,2026-01-09T10:01:56.564Z,68e34f797a2d60f9b085579a,Lost,68e34f50a91f300b0feee13c,Accounts,false,,false,,,Apollo,Manufacturer,,,,,,2025-08-18T16:00:00.000Z,2026-01-09T10:01:56.000Z,1FeLbxhzL2S2Hx6grsBb-mtbDIB6dvvK5,
68ec95ca4818bc52f1556e68,ProWell/ On Running,https://trello.com/c/3LniAnjD/89-prowell-on-running,,,katiedang_fairy,,3,"https://drive.google.com/drive/folders/1M9MVZPX7lC_URfPiiC3yqrK984-3D8kf?usp=drive_link, https://trello.com/c/N6LYUnLl, https://trello.com/c/t7fgJeJP",0,0,0,15,2026-01-08T09:15:16.116Z,68e34f797a2d60f9b085579a,Lost,68e34f50a91f300b0feee13c,Accounts,false,,false,,,Website,Manufacturer,,,,,,2025-08-17T16:00:00.000Z,2026-01-08T09:15:16.000Z,1M9MVZPX7lC_URfPiiC3yqrK984-3D8kf,
